transaction_id,customer_id,amount,timestamp,merchant
80eb9867-62b1-4b8b-80e9-ddb24e4988bf,C00016,292.87,2025-07-08T06:29:51Z,ONLINE_SHOP
f011bab3-7e68-4a53-ab14-cf22d2e070d9,C00010,474.11,2025-09-18T11:59:36Z,PHARMACY
64d7b1ee-3c7e-400e-bab2-4f81da6eb4ca,C00043,354.56,2025-03-17T18:55:37Z,BOOKSTORE
6a3bfa3b-4a40-4b22-9db8-fd058bcf14d1,C00045,58.72,2025-12-03T15:51:45Z,CAFE_CENTRAL
6c6b0bc9-dce9-4f6d-bb9c-5ad9bf79374f,C00026,451.98,2025-07-04T14:12:47Z,PHARMACY
5c491767-b368-4d4e-bca0-b74a158fe5ae,C00041,441.8,2025-03-15T03:54:25Z,PHARMACY
1b1eca6e-377b-4187-bdc3-e7da5f3f9f37,C00041,332.94,2025-04-02T11:27:34Z,PHARMACY
10590b2d-43ac-462a-9fd4-fea4c564c74c,C00023,25.04,2025-04-16T20:51:53Z,RESTAURANT_A
a50c08b2-e08c-4b80-bfad-6ee741dd7527,C00011,293.93,2025-04-30T19:27:00Z,RESTAURANT_A
d61c5d1a-376c-462c-b0a1-9900093e8d7c,C00003,218.32,2025-11-23T01:57:14Z,RESTAURANT_A
a2a5e37a-3154-482f-95ac-be25eef293cb,C00007,265.28,2025-09-11T02:06:49Z,STORE_23
32766586-5839-4856-adce-ff3e676d7812,C00018,385.37,2025-04-16T01:59:12Z,RESTAURANT_A
29ac4eaa-d623-4adf-84b5-c1b0aee578c0,C00002,305.11,2025-06-24T03:19:32Z,ONLINE_SHOP
358486bd-1608-4a4b-ac28-1fab06b08312,C00019,210.9,2025-09-01T08:00:38Z,RESTAURANT_A
173288fb-c9a8-4cd2-b732-4aa91f3f6ddc,C00045,-100.0,2025-08-29T00:29:23Z,GAS_STATION
ab22fada-cabf-44ef-83a4-35ce47228c88,C00020,256.94,2025-07-12T12:56:06Z,RESTAURANT_A
6afd1ebd-b23e-4ccd-88c0-d54924279d01,C00006,32.67,2025-04-06T23:05:47Z,ONLINE_SHOP
d79db08c-0699-4588-b859-92503f7ffc1f,C00039,153.57,2025-03-31T05:47:31Z,GAS_STATION
10f1e08e-b99e-415d-b0fb-ab62a69c5576,C00015,246.81,2025-03-05T19:45:27Z,RESTAURANT_A
16b0cf94-2280-47db-b223-66a4d8078f31,C00014,230.48,2025-09-24T23:11:26Z,BOOKSTORE
0c3e2b42-c2b4-435a-a91c-d051be458721,C00013,65.19,2025-03-03T14:44:57Z,GAS_STATION
130038b3-4e92-4322-966b-ae08e66e96e6,C00031,-10.5,2025-06-05T04:17:02Z,ELECTRONICS_HUB
57752e75-f20a-4a6b-998d-90868abe4a57,C00024,-10.5,2025-02-12T18:55:23Z,STORE_23
52c64170-fd1d-4dce-a87a-618dc94b4cd1,C00024,475.26,2025-09-20T03:39:39Z,ONLINE_SHOP
84713a06-3af4-4230-923c-6b889a9686ef,C00014,178.47,2025-12-15T21:47:19Z,SUPERMARKET
5dfe61de-9599-47c5-b2d1-555a0487cda5,C00023,227.07,2025-03-08T22:42:15Z,BOOKSTORE
48eb03d6-adca-4289-b5c6-59a7acf4c680,C00002,180.23,2025-10-12T13:06:14Z,CAFE_CENTRAL
c20b002f-88a1-415c-9bb0-d1b7bcfed12e,C00018,281.27,2025-02-07T17:37:11Z,GAS_STATION
e9561e81-5fdc-444c-b557-b2dfc1cdb7d9,C00048,356.71,2025-06-22T06:22:23Z,RESTAURANT_A
8eecd9b5-3b36-47f3-a500-d299fd17d8e5,C00038,52.2,2025-11-28T00:11:55Z,SUPERMARKET
9f85ea64-cd76-4770-aeca-ecd352befbe7,C00016,404.59,2025-06-19T11:41:08Z,CAFE_CENTRAL
f4efc3f8-64bd-4493-beb5-7909e80f2db9,C00021,369.96,2025-06-16T12:58:35Z,STORE_23
8308d813-2b6f-473d-b8a5-ed081f3257f9,C00040,430.42,2025-09-11T23:09:43Z,RESTAURANT_A
839f29b7-3a89-4306-8c2f-e48b39bfcff3,C00004,18.45,2025-07-30T00:29:25Z,RESTAURANT_A
4e825a95-d4c2-4c91-aa9d-5f3043150c96,C00007,183.25,2025-11-26T08:07:46Z,RESTAURANT_A
91ea5d6e-baa0-43a8-b143-0f08a2a3a5a2,C00049,0.0,2025-06-18T08:08:05Z,BOOKSTORE
0c962c0d-9d4a-42e4-8b52-04e1d425c2ca,C00035,204.67,2025-05-04T21:30:27Z,ELECTRONICS_HUB
4b684e36-3a73-4da2-9a9f-297f6658465c,C00035,25.67,2025-06-25T10:03:17Z,SUPERMARKET
31c51126-b421-4301-b723-322e1bb9b7a7,C00020,61.13,2025-04-16T14:54:13Z,RESTAURANT_A
5aef6368-4703-4ed6-8e8b-8d98ca3dc674,C00005,450.44,2025-07-24T04:15:32Z,CAFE_CENTRAL
ff7e7df7-c8d0-4c1a-9844-271bcba146dc,C00038,446.57,2025-02-03T16:56:23Z,ELECTRONICS_HUB
72512100-8955-49ab-9a1a-722e630a58ca,C00031,59.15,2025-09-12T17:24:53Z,ELECTRONICS_HUB
66e5516d-1404-4793-9a89-616685c77d55,C00017,360.43,2025-12-17T22:59:22Z,BOOKSTORE
b6129259-c69b-46d7-baa7-29279d04fbee,C00023,91.31,2025-08-10T20:41:18Z,RESTAURANT_A
24a63044-67a0-47eb-8826-f7e833f894a2,C00041,479.36,2025-06-23T01:20:19Z,PHARMACY
d18d6af9-b27d-4fab-b69a-3b72d5d21eda,C00031,67.76,2025-02-07T12:17:46Z,ONLINE_SHOP
c587a223-19fd-43a1-b02b-ae1200167c68,C00004,256.3,2025-09-04T17:55:17Z,ELECTRONICS_HUB
678d6a7e-b441-4879-9b40-727252bb60a0,C00019,124.6,2025-08-28T15:56:16Z,STORE_23
2aa7676c-b609-4a9a-bbbf-fa76f06d731f,C00014,462.64,2025-09-25T14:10:39Z,PHARMACY
4b80a14e-3a02-416f-8369-a066b7b6507c,C00019,404.69,2025-06-03T09:21:24Z,ELECTRONICS_HUB
71555539-45b7-4f05-a5d6-5cfcea9b3658,C00035,34.93,2025-01-22T00:27:15Z,GAS_STATION
513b1a5e-de4f-4983-bce6-50a87cf73f2e,C00013,397.98,2025-05-07T03:31:19Z,ELECTRONICS_HUB
2f44088b-244e-4372-8271-b9764c3e2b9a,C00006,296.3,2025-04-21T20:16:31Z,PHARMACY
9fc22de1-c0b3-48bd-a6bd-cafc90eec89e,C00013,298.01,2025-10-18T20:09:05Z,CAFE_CENTRAL
43ea75d1-d69d-4b05-9d47-fd91109aa2f6,C00013,456.96,2025-05-05T01:41:15Z,SUPERMARKET
c32081e1-930c-456c-9a4b-927f80dda257,C00049,78.74,2025-02-09T21:15:32Z,CAFE_CENTRAL
13e93580-a82a-42ba-97f9-14fe4bfc4c8d,C00039,-10.5,2025-12-20T15:49:40Z,CAFE_CENTRAL
ff373d59-b99e-4a03-84d8-3cfc53f6ed55,C00028,386.16,2025-10-20T02:59:28Z,SUPERMARKET
05d3f732-99a0-400f-a083-1bb903a928d0,C00023,189.67,2025-05-18T08:38:06Z,PHARMACY
f658ab0d-3b35-450e-89a0-a23fc570c269,C00017,27.32,2025-01-19T22:42:05Z,RESTAURANT_A
cd68a507-8cbb-41aa-a620-61d2cbf6ab11,C00015,365.78,2025-03-24T20:49:59Z,RESTAURANT_A
51778d82-6cd6-46b0-be86-ea19c3f8106f,C00029,87.52,2025-08-17T06:27:27Z,BOOKSTORE
b786e73b-8e89-4a1b-b303-cafa27bc6aff,C00031,140.59,2025-12-02T13:05:09Z,STORE_23
a51d0ad7-e093-4b82-adae-481ed26f006c,C00025,227.86,2025-04-15T17:22:38Z,ELECTRONICS_HUB
35d61bad-f933-48bb-93e5-2ef664ae36cd,C00050,108.2,2025-11-27T12:56:46Z,PHARMACY
75371eaa-a2fa-4b76-9a06-85db9e96ac8e,C00022,315.63,2025-11-07T18:32:35Z,GAS_STATION
051acde6-163e-4b2f-a129-eeb274e4baf7,C00024,135.89,2025-05-11T09:27:33Z,STORE_23
edbc4dc2-da7f-41c6-b94f-a8da97cd3566,C00030,52.47,2025-06-18T11:43:28Z,SUPERMARKET
6c7b2bba-ed45-45a3-95b6-3dda8e4784cb,C00007,334.19,2025-02-18T10:55:32Z,GAS_STATION
ed5bc691-d0dd-4fd3-bbcc-793b9cb3d310,C00015,268.67,2025-03-05T10:46:56Z,RESTAURANT_A
33a4b5af-2f27-452c-8755-c8b1c70a428e,C00007,64.02,2025-05-05T06:46:44Z,BOOKSTORE
83b298ef-519f-4141-b28b-5cf30e9e1785,C00007,96.33,2025-11-27T22:18:26Z,BOOKSTORE
facd200c-55f2-4865-aa02-190c2ec5f059,C00039,377.26,2025-04-24T19:01:53Z,ELECTRONICS_HUB
eb6e3598-d31b-44e8-b2c5-c75d43d1e0b7,C00001,70.57,2025-06-30T20:11:12Z,PHARMACY
8bcd11de-61ed-4eec-aeee-b26abec35eee,C00040,365.37,2025-06-17T19:38:33Z,GAS_STATION
d714ae0a-e45b-4ba6-bc05-b6a45259f748,C00030,291.99,2025-04-10T06:49:57Z,CAFE_CENTRAL
2c86fb36-a6cd-4ad0-9c57-a5f2129e6f65,C00021,0.0,2025-10-13T12:27:07Z,GAS_STATION
2f355aab-b9c2-47ad-ab3a-d87fb04a5b62,C00028,25.59,2025-11-09T07:14:19Z,PHARMACY
40013e45-f866-4fd2-9ad2-44173e36c840,C00004,419.33,2025-09-22T16:04:18Z,CAFE_CENTRAL
4b80df3c-d7af-4f37-a78a-f670cc315e6f,C00013,448.05,2025-11-22T07:19:08Z,RESTAURANT_A
368ff4b2-a943-4860-ba9d-f93c8441a46e,C00034,38.93,2025-09-21T09:50:47Z,ONLINE_SHOP
93dd7594-1f38-4f98-bfd2-f02a3b63a8db,C00015,366.7,2025-09-01T01:02:19Z,RESTAURANT_A
5ffb72a9-7631-484a-aef7-a87d03e1bb29,C00011,91.27,2025-02-04T14:37:52Z,CAFE_CENTRAL
4f365d28-eb51-4011-90f3-78aa8e86cfce,C00048,314.69,2025-05-19T00:56:59Z,PHARMACY
c2b1de03-d163-4af8-a010-69cc47f4a7a8,C00018,232.65,2025-05-31T05:14:20Z,ELECTRONICS_HUB
75cfe57a-cfcc-4cf6-b19a-581d6e2731b7,C00017,61.19,2025-01-17T10:28:10Z,ONLINE_SHOP
f68fb13c-a3f8-42dc-a8ed-5107109034c9,C00025,247.6,2025-12-10T08:21:27Z,CAFE_CENTRAL
971e1a57-2efd-42bc-abea-5f5e11ae3638,C00049,373.61,2025-01-02T04:25:52Z,SUPERMARKET
76c029ef-64c4-48a7-a6b3-d09f281d4a84,C00014,468.02,2025-12-04T02:56:11Z,CAFE_CENTRAL
2afe473b-7353-48e8-a747-2982426a591b,C00049,480.05,2025-02-03T06:32:38Z,RESTAURANT_A
52d1526c-f419-44cc-970a-ab50f83735a3,C00040,252.47,2025-10-09T13:10:59Z,SUPERMARKET
a61bf5e2-2bea-4fef-ac4d-f6954a1e429d,C00019,0,2025-04-10T14:44:40Z,PHARMACY
1c91c788-ca0e-4abb-b159-e3fd715b2fbb,C00005,306.44,2025-08-27T11:23:57Z,GAS_STATION
fafaa900-857d-4428-b4b9-d32e55821b24,C00028,460.89,2025-11-11T01:33:51Z,BOOKSTORE
29131fb1-6c23-43b1-9979-3d552d1f3bfa,C00008,267.12,2025-06-22T23:43:08Z,PHARMACY
d7a7e81d-3443-4c08-ad41-f29215c9c0b7,C00016,415.34,2025-10-19T14:31:30Z,BOOKSTORE
0ff2b53d-2a59-410d-9d96-da86821ffed7,C00050,241.72,2025-10-10T15:20:39Z,BOOKSTORE
da7074d3-3a1e-4f34-8ca9-525674776061,C00024,-10.5,2025-06-30T13:04:10Z,STORE_23
918eaea6-e227-470b-98dd-e2e4e79fb4ee,C00021,18.13,2025-11-13T14:51:32Z,GAS_STATION
5b524ae0-45a8-4a42-9c1d-6e70109c6357,C00002,235.16,2025-02-01T02:08:45Z,CAFE_CENTRAL
46399fdc-b37d-4cd7-91a9-fc44f746cfc2,C00017,440.55,2025-07-27T03:31:14Z,ONLINE_SHOP
a5b9165f-fd6a-4bc0-8098-d41e45daeba6,C00008,478.58,2025-05-07T19:36:03Z,PHARMACY
8d11ebeb-c6af-4ded-8254-1d9d1922867f,C00044,110.51,2025-08-19T00:03:55Z,CAFE_CENTRAL
09b0ed26-2739-4a2c-9f31-4917b1ed16fa,C00048,0,2025-03-30T18:40:59Z,STORE_23
3d693c37-d00e-4a89-9790-7f9478b6af4f,C00035,176.12,2025-11-05T00:13:16Z,BOOKSTORE
65a78cd3-279e-4740-aea6-9610b8a5e77a,C00017,28.53,2025-08-17T20:50:26Z,SUPERMARKET
7d0b3016-152f-4bb1-bdf4-d2041c491fd3,C00045,367.62,2025-12-06T05:27:22Z,GAS_STATION
9de86548-71b4-4437-aa74-8dc764f4b03e,C00018,323.61,2025-11-02T15:22:11Z,STORE_23
9114bc9d-9cbd-40e6-b0d5-9b772623638d,C00027,179.37,2025-06-27T14:53:50Z,ELECTRONICS_HUB
087b5828-0716-4244-81c8-571d037b739f,C00039,179.77,2025-04-29T11:56:56Z,ONLINE_SHOP
8d20d8ee-a0df-4bd3-97c4-ddbcf0903579,C00016,435.6,2025-07-15T12:45:53Z,ONLINE_SHOP
309f808a-f883-4aee-b6eb-f997432f2987,C00008,112.12,2025-09-24T10:30:43Z,STORE_23
f1c5b8bd-b818-4624-bb42-97ac6d7535fd,C00019,154.41,2025-10-19T21:57:34Z,BOOKSTORE
68e81b8e-8881-4835-9814-b049bed49a40,C00016,307.5,2025-05-27T19:53:56Z,STORE_23
a6c29de8-352c-4a6c-8a99-ac2dfc806c19,C00027,140.34,2025-09-03T04:29:59Z,ELECTRONICS_HUB
18aaf12f-3a3b-4cd0-9ce2-84433790ee2a,C00023,302.5,2025-01-02T20:49:17Z,CAFE_CENTRAL
dc0c76c6-51a7-4d38-a97a-b43f18a6943f,C00033,256.06,2025-07-17T05:20:37Z,GAS_STATION
a321c688-f38a-41e9-affe-a46facd89f20,C00017,233.66,2025-02-22T15:04:52Z,BOOKSTORE
c53ca201-d687-42f2-88a1-83882dbfb4f4,C00009,-10.5,2025-10-18T01:53:45Z,GAS_STATION
43f7ad15-3415-49b2-b4aa-d34a609af537,C00047,79.52,2025-05-20T23:31:18Z,RESTAURANT_A
caf93ad2-4bd2-4182-9287-6a67e69126e3,C00026,73.51,2025-01-01T09:29:34Z,ELECTRONICS_HUB
4661d1bc-14a7-485c-a47d-1774ddd02b69,C00040,361.23,2025-01-13T22:20:21Z,ONLINE_SHOP
8e537105-9651-4741-a8d6-184ad722ee85,C00038,162.37,2025-06-11T00:04:58Z,PHARMACY
18fce973-f68b-4610-b86f-863a267eadac,C00036,0,2025-04-26T04:31:27Z,SUPERMARKET
f0ff7ee7-e565-487b-9e6f-10118cd52e90,C00044,252.76,2025-11-28T10:32:35Z,GAS_STATION
451f83e7-6087-422e-889a-fa1d6c3f5192,C00004,173.9,2025-06-09T19:37:17Z,CAFE_CENTRAL
f60e972a-d85b-4089-a5a8-0ec00ac9a57e,C00023,273.92,2025-04-07T16:29:49Z,CAFE_CENTRAL
565ecbc2-4e1e-419d-8c23-b02e15c34512,C00042,459.96,2025-07-22T06:33:06Z,RESTAURANT_A
392577c7-6771-4280-81ca-c3aab46cfc62,C00037,84.29,2025-12-11T21:03:32Z,SUPERMARKET
eb044cd0-3abf-4e45-bb81-e69396b8593f,C00027,297.44,2025-02-22T15:05:14Z,GAS_STATION
c28eb470-2291-4299-8ec4-4fa16df07d91,C00016,373.36,2025-06-01T00:09:19Z,GAS_STATION
42eb0560-9264-44c5-98e8-9283721e3450,C00049,52.95,2025-09-04T12:50:33Z,RESTAURANT_A
ec36d8e2-9e40-43cd-b0b5-b39684500303,C00003,162.69,2025-07-23T23:37:23Z,RESTAURANT_A
aee725db-0b13-4be2-9cad-e729b551a3cc,C00027,147.69,2025-11-09T14:57:57Z,BOOKSTORE
881e93c5-5265-4277-8582-d2d4a64a5ff6,C00021,210.43,2025-06-08T10:39:30Z,BOOKSTORE
c9631c3c-bd4c-4062-b2cc-d6c65343b711,C00025,132.84,2025-01-10T03:42:13Z,ONLINE_SHOP
ce65df10-6355-4a29-a40c-8289717ea44e,C00040,409.44,2025-08-03T10:12:10Z,ONLINE_SHOP
df430d91-7ceb-4e84-8285-b0a313314ec1,C00027,211.9,2025-07-13T04:54:24Z,SUPERMARKET
3f779a95-e7b6-433f-8ed8-1a16fb016b7c,C00011,262.76,2025-04-30T01:28:26Z,STORE_23
0e2b2960-8530-493b-8c13-0faea9d61d00,C00023,176.96,2025-06-10T13:43:13Z,ONLINE_SHOP
602be87e-b843-4eaf-a684-76379a87a41a,C00021,449.84,2025-08-26T05:10:18Z,ELECTRONICS_HUB
1525086b-0c78-4850-8dbf-2cd6e9c4530f,C00003,141.64,2025-10-07T23:43:35Z,ELECTRONICS_HUB
b34e5fcc-3baa-4fe7-b7a8-e2c46ceca331,C00030,-25.0,2025-01-15T19:12:37Z,SUPERMARKET
fecc509a-ac95-44d6-918d-cf9ee83b11b0,C00016,-100.0,2025-09-21T20:33:52Z,RESTAURANT_A
54372ea2-c6f4-40d6-b921-8f19ffece347,C00047,369.45,2025-06-12T19:36:17Z,GAS_STATION
d1a4345f-67df-4a13-b932-654dab6edfb1,C00040,92.43,2025-08-13T18:44:56Z,GAS_STATION
190b7eee-f969-4c43-a0c5-8cf00e3cc002,C00014,229.93,2025-01-26T15:37:52Z,PHARMACY
ab1890d1-e70f-47ae-8e12-af256c9b0a03,C00038,95.53,2025-05-27T00:10:49Z,GAS_STATION
3b0ba9c1-3b2e-40e4-8e6e-6ce8617584a2,C00041,291.71,2025-01-21T19:10:33Z,BOOKSTORE
f10415f1-afb6-4a7e-bdc0-bfa4e5102d9b,C00032,88.29,2025-10-05T05:47:29Z,ELECTRONICS_HUB
29339dc4-c868-43ef-a51d-43cbbec420c6,C00002,0,2025-04-19T18:00:50Z,SUPERMARKET
ffa6c5a2-c213-472e-bba0-fc8d909267be,C00009,460.93,2025-04-24T23:11:43Z,BOOKSTORE
8630a6e7-29b6-4fe9-a8ef-127cad21bd8d,C00019,293.86,2025-04-29T17:33:10Z,STORE_23
93bf0e8a-3ee0-4df1-81da-2ce76b9a8803,C00006,173.97,2025-11-11T21:53:55Z,SUPERMARKET
6c5680b9-751f-48fa-9aaa-cba025b2c382,C00028,334.65,2025-11-16T13:46:17Z,ONLINE_SHOP
ca28f914-235b-4321-a668-d81e9ae73e7c,C00027,84.16,2025-02-18T19:14:14Z,ONLINE_SHOP
ba8aaf92-0525-4dd0-87d8-95a33c296d18,C00040,94.47,2025-09-26T05:03:03Z,SUPERMARKET
cc2d7be6-104c-46d0-8fbc-25a06423f349,C00012,328.88,2025-12-11T07:49:49Z,STORE_23
c66ff8aa-822c-4742-ad7d-c65d5473a6a8,C00030,243.04,2025-07-10T13:02:59Z,GAS_STATION
34e9a5bf-5002-40eb-8c96-d70fca4c0a2d,C00002,381.94,2025-02-03T20:14:55Z,SUPERMARKET
0d672082-f227-4a10-bdb1-55d289754d9c,C00033,440.47,2025-03-12T02:10:53Z,GAS_STATION
f011bab3-7e68-4a53-ab14-cf22d2e070d9,C00010,474.11,2025-09-18T11:59:36Z,PHARMACY
3c58b37b-6bd7-4d79-8c0a-59d1c944fa72,C00036,383.01,2025-08-20T10:48:59Z,BOOKSTORE
eb6a1d65-3431-4535-842c-febafb6f7a94,C00008,208.28,2025-02-10T16:49:42Z,GAS_STATION
7706aa2e-f5bd-4b7a-ae9d-9609cd1e5e53,C00001,139.87,2025-11-26T12:38:29Z,CAFE_CENTRAL
165b5fcc-391c-421f-b66e-8172a2eba735,C00038,453.24,2025-09-21T08:33:50Z,CAFE_CENTRAL
9114bc9d-9cbd-40e6-b0d5-9b772623638d,C00027,179.37,2025-06-27T14:53:50Z,ELECTRONICS_HUB
5227bbc0-9392-4e4b-84ae-a80544245ceb,C00037,19.64,2025-06-20T04:41:22Z,CAFE_CENTRAL
8d7820c4-b302-450f-818b-9ff5e4e41f9c,C00008,373.53,2025-07-31T21:21:18Z,ONLINE_SHOP
aaa52050-3757-4c87-a7a2-272c7b3f1833,C00014,448.54,2025-07-12T23:13:12Z,RESTAURANT_A
acbce9ec-45d9-472b-9ed6-398fe528e3df,C00030,291.44,2025-03-11T18:40:00Z,BOOKSTORE
a30d0363-7791-4bba-8327-3ca5184130c4,C00005,252.22,2025-11-15T15:17:14Z,RESTAURANT_A
40b496ed-024b-44fe-89b1-7d2f6eb0f44d,C00001,446.96,2025-12-30T21:46:43Z,GAS_STATION
83d1fda5-97f0-4fe4-8072-653432190cd6,C00026,79.35,2025-11-09T17:07:15Z,CAFE_CENTRAL
7dab3900-207f-44bb-9b87-a9f0ad88d1e0,C00035,186.17,2025-09-29T23:21:26Z,PHARMACY
c9085565-6c36-492f-81ac-225039501a95,C00017,190.66,2025-05-18T23:46:05Z,SUPERMARKET
0179e294-8be8-48f8-bb1d-54e650949b06,C00016,478.63,2025-05-27T08:26:15Z,BOOKSTORE
f4fbea1b-320a-4128-a6fa-260a68793219,C00021,385.13,2025-02-20T21:57:17Z,SUPERMARKET
615fc6b6-1ad8-4f8f-9ea3-15dfa39e1af3,C00027,49.44,2025-12-30T09:59:30Z,STORE_23
e6608208-f62b-48bd-84cb-6986025fa038,C00031,61.73,2025-07-24T11:55:11Z,PHARMACY
8b0a475d-8040-415d-b8d2-6d5b96130c87,C00006,455.84,2025-10-31T02:53:33Z,ELECTRONICS_HUB
6a52c11f-75fb-429b-a503-3edf1d789e4e,C00029,254.45,2025-06-27T13:24:15Z,BOOKSTORE
f3232ceb-630a-477e-ab9a-43a6405d968c,C00028,439.45,2025-09-02T06:34:34Z,SUPERMARKET
56ae2e11-b4a1-48b0-8e71-12987611e8e4,C00020,181.04,2025-07-10T23:06:58Z,ONLINE_SHOP
1e0b301a-8140-4adc-9e88-e586019a6de7,C00042,496.51,2025-12-01T20:09:47Z,STORE_23
f0e9cfd6-b990-438f-8134-84e0285c5229,C00018,74.88,2025-07-07T21:09:32Z,ELECTRONICS_HUB
ea33fa85-77e1-459d-af59-d675cef025fe,C00047,289.34,2025-02-20T16:55:06Z,GAS_STATION
facd200c-55f2-4865-aa02-190c2ec5f059,C00039,377.26,2025-04-24T19:01:53Z,ELECTRONICS_HUB
49440a7d-440c-4368-a248-cd0eb71f5b56,C00033,-100.0,2025-12-09T13:41:09Z,STORE_23
a06c7540-d4bf-4752-a28b-c6c1496594b6,C00037,334.51,2025-02-04T10:02:28Z,ELECTRONICS_HUB
1b3c6622-0b39-4fa5-ba6f-c3e16c579333,C00030,23.98,2025-10-23T11:02:49Z,STORE_23
8169da4a-4e07-470b-a603-a4688fdfd320,C00021,287.3,2025-05-18T12:03:35Z,SUPERMARKET
f79086c6-925f-4ccf-8fd5-0f4f28324e14,C00026,496.53,2025-06-14T15:50:39Z,ONLINE_SHOP
2028955d-da6f-4118-acf5-e0893ac75012,C00019,267.26,2025-01-28T03:36:34Z,PHARMACY
88128be9-3e3b-4bff-9d0f-3aaffe043612,C00022,303.74,2025-01-21T17:47:21Z,STORE_23
4b04e626-b39f-466b-9f31-21c80ae19abc,C00045,274.73,2025-01-23T09:47:49Z,RESTAURANT_A
cdd3a92a-0eeb-4a81-be99-939bee7bf583,C00029,20.2,2025-12-29T00:17:15Z,PHARMACY
a51ea4e0-2b73-4a12-b934-b55e4f6d7cd3,C00046,285.29,2025-10-02T18:12:55Z,STORE_23
ac77b034-a7f2-4bf7-87b9-533f5568a206,C00020,152.51,2025-11-12T12:32:57Z,ONLINE_SHOP
406896a1-4cc6-4146-b3b8-8feafa25a214,C00039,318.69,2025-11-04T14:38:04Z,ELECTRONICS_HUB
a2e74bc1-e83e-4f4e-b08b-17e6930e89f0,C00032,243.42,2025-06-21T14:12:16Z,PHARMACY
96bb0b93-5d16-4025-8af8-c2e81f745aef,C00015,353.53,2025-02-24T09:11:26Z,ONLINE_SHOP
303743d0-0c40-4e43-ace8-9b9184a37dc9,C00022,460.01,2025-06-17T02:50:16Z,RESTAURANT_A
164b47b9-2f48-498a-a31e-b0e1e29cfc54,C00001,-10.5,2025-09-04T16:05:28Z,BOOKSTORE
204ba7dc-31c8-471f-88c8-f7872cb3fc4c,C00017,133.01,2025-11-02T06:41:08Z,RESTAURANT_A
289031fe-4263-4d14-b56f-388816e5171d,C00004,51.92,2025-01-25T14:19:52Z,RESTAURANT_A
11ae03b5-c77c-4b5a-a1e9-da8a902c5253,C00040,368.54,2025-04-17T22:05:06Z,RESTAURANT_A
26e03351-2c9e-4893-bf30-54cca7e55aa0,C00021,116.54,2025-01-23T23:12:50Z,SUPERMARKET
6a215a46-2556-4a2d-8bb5-9680dee6c266,C00025,190.56,2025-01-23T05:11:43Z,PHARMACY
063c812c-57a4-47e3-b32b-0767241bd2d4,C00031,435.8,2025-03-02T17:31:33Z,PHARMACY
6e9a6f1f-d8ce-4c1d-b20b-30f40c7ce845,C00032,139.92,2025-12-14T07:29:04Z,ELECTRONICS_HUB
371a53eb-92f0-4bb0-ab35-a03650ecca23,C00028,332.71,2025-06-24T10:24:04Z,CAFE_CENTRAL
8d0a5a26-9c04-427e-a3c7-9c46eef26588,C00039,441.94,2025-07-18T00:42:41Z,BOOKSTORE
ab3fb245-2dda-4252-a4f8-3a1c9b5717f6,C00034,432.84,2025-12-18T00:16:19Z,ELECTRONICS_HUB
651c06d4-3b55-4768-a9ae-d1405d9ff81e,C00042,56.42,2025-02-05T08:49:48Z,STORE_23
dd37d4a1-9e63-404c-8c1d-e11139611b56,C00037,297.09,2025-08-07T13:14:09Z,STORE_23
8ba556a0-376f-4840-b641-f40c95386650,C00020,316.91,2025-01-18T16:59:34Z,STORE_23
9914b2d5-cac9-46e2-b205-4c5a016b9a00,C00017,359.2,2025-09-01T02:15:25Z,CAFE_CENTRAL
7df0b94e-a48b-49be-a38f-d036b5bd9903,C00015,389.61,2025-02-10T15:29:27Z,CAFE_CENTRAL
d41838d9-17f6-4fa2-8cfb-53b8d92f26bf,C00016,438.1,2025-01-29T04:52:28Z,BOOKSTORE
125acf8c-b298-4dd9-b375-541e223e81a1,C00038,185.88,2025-05-21T09:02:14Z,ELECTRONICS_HUB
da4e26a3-267d-44af-b859-e879db8825ec,C00019,87.17,2025-02-16T00:30:56Z,GAS_STATION
a9058614-58bd-4000-abbb-55c8899bccf7,C00049,131.76,2025-05-15T14:00:36Z,CAFE_CENTRAL
2e4b2db7-ed78-48dd-841c-0a861e2ce984,C00023,347.47,2025-01-30T05:17:44Z,RESTAURANT_A
df52bcda-14df-4813-b2d7-3a54f7441dc4,C00002,320.53,2025-08-17T02:17:27Z,RESTAURANT_A
bdce1b49-ec13-449a-92ac-5ac7ed0892ab,C00029,315.09,2025-05-31T01:05:15Z,RESTAURANT_A
1a04fa8a-a76e-48c4-b52d-429701176e65,C00013,161.96,2025-06-07T15:39:55Z,PHARMACY
76568d96-1340-4122-999e-264e205639c4,C00031,240.11,2025-04-21T18:19:44Z,BOOKSTORE
9e9c1451-0efd-45d6-a6bb-8d6747b8e986,C00046,166.51,2025-04-03T02:02:31Z,CAFE_CENTRAL
f95d9a9c-06fa-4601-9924-3d2e860dc92f,C00035,380.77,2025-12-27T09:45:42Z,RESTAURANT_A
c71f14a5-b302-494f-9b34-fc366a390c55,C00035,14.35,2025-12-10T03:23:51Z,ELECTRONICS_HUB
5dad63a1-911d-4fb3-b152-0fba6ca626f0,C00005,399.16,2025-04-23T00:17:33Z,ONLINE_SHOP
3f59511e-5130-4bba-adcb-5cb3744a1b9b,C00020,135.19,2025-10-29T22:36:43Z,PHARMACY
516a8f89-e1f8-4ac8-b7c7-99d95e9d4101,C00004,307.45,2025-09-13T16:20:02Z,RESTAURANT_A
b80da2a3-dcaa-46cf-807a-b8d40ad7cfc9,C00036,12.4,2025-05-31T20:35:27Z,RESTAURANT_A
fb80d8c8-e388-43e9-a94b-7a44f09dcf61,C00026,386.48,2025-02-14T20:49:22Z,RESTAURANT_A
4e1456eb-1567-4c43-8952-5ed9a9f106f3,C00022,91.96,2025-10-11T18:02:49Z,RESTAURANT_A
f6bb84e6-5a8f-4d63-a72c-4b32afb1d747,C00048,74.04,2025-08-07T07:50:28Z,CAFE_CENTRAL
5116fcf8-3373-460d-bc55-4529eafdb245,C00035,0.0,2025-11-05T18:16:01Z,CAFE_CENTRAL
75644064-65fd-4df4-80cc-b5b6bc0f5804,C00019,321.38,2025-10-02T21:49:50Z,GAS_STATION
5a110f09-3bd5-41ed-9f6c-e36ad9e2ac48,C00048,128.08,2025-10-26T11:15:11Z,ONLINE_SHOP
676bcaff-ed8a-4c5d-877f-d788ac4afd53,C00020,309.77,2025-07-22T21:53:28Z,ONLINE_SHOP
06e5835b-7478-4198-a7f0-4275958a41ae,C00012,453.75,2025-03-05T20:36:07Z,GAS_STATION
019c9f75-a913-4cdf-a7ee-b3df869e0aff,C00030,460.56,2025-07-06T23:50:02Z,ONLINE_SHOP
f352dbef-8381-4ad7-9f40-6a08ef08f5e2,C00038,163.39,2025-09-25T19:12:01Z,PHARMACY
828d224f-5dac-44b0-b8ab-d42ebd472951,C00016,142.88,2025-10-15T08:28:34Z,CAFE_CENTRAL
c6a102c9-d167-494d-b9da-04ce0bf4aa94,C00010,26.15,2025-10-08T13:54:39Z,CAFE_CENTRAL
1502855c-9a5a-4531-9928-6841d6011882,C00006,98.69,2025-08-17T16:29:02Z,ONLINE_SHOP
5461b419-fff1-4c1f-8cc7-5b8973bd8a39,C00004,47.84,2025-04-18T22:32:34Z,GAS_STATION
936feedc-ecd2-4c55-b6e6-51dfab43351d,C00013,479.35,2025-11-17T23:24:56Z,STORE_23
598ccdd0-5c8f-416d-a525-a96b11e4aa81,C00034,406.25,2025-09-11T16:29:22Z,CAFE_CENTRAL
7f080c26-abc6-41e7-b60a-5a4cdf33e016,C00050,465.86,2025-08-03T07:54:12Z,CAFE_CENTRAL
4b159527-1c26-4704-99cc-8934d8f1055f,C00036,387.44,2025-10-08T17:03:56Z,ELECTRONICS_HUB
2c3bca37-76cc-4fa8-9f7c-21f735d76183,C00027,385.16,2025-04-01T09:54:16Z,ELECTRONICS_HUB
889f1852-165e-48dd-b736-26241cfe6b29,C00022,0.0,2025-08-02T04:09:11Z,SUPERMARKET
a136638c-6d26-420c-8c15-21042a79be96,C00049,169.73,2025-09-01T06:29:16Z,BOOKSTORE
543b8f75-7632-49a1-9cad-b42b857843af,C00025,165.66,2025-12-10T10:04:55Z,GAS_STATION
58d8644d-4d2b-4d8a-aa81-d4fd2e3b9354,C00023,293.35,2025-05-13T02:35:18Z,CAFE_CENTRAL
75111fba-4b17-4468-895c-4b076fd80f6d,C00011,198.5,2025-10-03T23:32:39Z,ELECTRONICS_HUB
a285704e-3f20-4645-a3bb-7163f00ea789,C00037,138.33,2025-05-04T07:23:46Z,CAFE_CENTRAL
2fc2ec05-9b1e-4cb6-bd56-97b3c97b979d,C00006,455.11,2025-06-10T02:40:26Z,GAS_STATION
d2b31ebd-d654-4859-87cf-6002925441b6,C00020,53.54,2025-01-27T11:11:00Z,GAS_STATION
2fead111-b2e4-4087-9845-fa8d60427a9d,C00033,73.17,2025-07-16T03:52:50Z,BOOKSTORE
90f552d9-2872-45b9-b2a9-89214bac6eb2,C00032,465.51,2025-05-02T22:19:51Z,STORE_23
2f44088b-244e-4372-8271-b9764c3e2b9a,C00006,296.3,2025-04-21T20:16:31Z,PHARMACY
d084c6b6-4348-4d9c-9525-784d55c38598,C00017,-100.0,2025-05-20T14:43:12Z,ELECTRONICS_HUB
f076c095-c94e-4374-a1de-a13097f01d04,C00020,77.51,2025-12-05T20:54:52Z,SUPERMARKET
b17f014b-409e-42e5-8fa1-5da4c1f75e7f,C00042,64.68,2025-04-28T18:39:55Z,STORE_23
cc95dd9f-7125-4225-b9e8-c71aa1d83110,C00020,301.11,2025-01-29T15:09:46Z,STORE_23
15950c20-3bd0-4938-a9a2-e4db6fe10c73,C00021,324.6,2025-03-16T02:13:29Z,CAFE_CENTRAL
a44e8c31-5a18-49c7-abd2-b1534dfc40ce,C00047,76.81,2025-04-05T00:00:57Z,ONLINE_SHOP
6eeb8003-b138-4acf-a3c5-3a0547abb0d5,C00013,17.64,2025-10-30T17:17:55Z,RESTAURANT_A
19e27a75-33be-4e5c-8885-5020aee91525,C00022,452.28,2025-07-12T15:56:46Z,PHARMACY
01b533ec-62d9-4872-90d8-d4e0ee03c9b8,C00003,13.1,2025-08-17T03:28:39Z,SUPERMARKET
dd2b5b13-ff2b-4001-84fa-a46a02478a8d,C00024,284.69,2025-07-11T09:00:32Z,ONLINE_SHOP
bf62b191-7cf6-48d5-8cb8-0fe847c1e46a,C00031,353.33,2025-08-27T07:22:13Z,RESTAURANT_A
4e6115d4-ed3c-47e2-bf8a-3498881fe6b5,C00035,286.4,2025-09-21T01:15:15Z,PHARMACY
6e936e23-0c74-4908-ac3d-ea157b86b34c,C00049,201.43,2025-01-09T22:30:01Z,STORE_23
e56393b9-48c1-42c6-acfe-9ea942b52291,C00020,375.25,2025-08-29T11:44:28Z,ONLINE_SHOP
3ce36631-0800-4766-88c1-a933514567a3,C00008,97.58,2025-01-13T23:26:56Z,BOOKSTORE
a85da94b-357b-4b88-81e3-63baabe30e1c,C00038,352.32,2025-06-05T01:49:40Z,STORE_23
847b2723-041d-43a1-a36f-fd69cdd7d9aa,C00041,239.61,2025-08-10T07:59:20Z,PHARMACY
e8045f66-62c7-4335-9357-6a5bbc3ea48c,C00010,412.92,2025-07-25T15:11:08Z,STORE_23
5f98326b-9783-4471-93a9-d985dbe13e4d,C00008,176.39,2025-11-10T10:37:53Z,ELECTRONICS_HUB
ed16d2b3-b0de-4e2b-ae7d-95d547e71006,C00020,103.08,2025-05-08T00:07:51Z,PHARMACY
ea899719-c3db-42ac-aac8-2881556f3d0d,C00030,175.49,2025-08-04T04:48:40Z,BOOKSTORE
79584963-4371-43a4-8cfe-076817e34bbf,C00001,424.73,2025-12-21T17:26:29Z,PHARMACY
45fe8ea5-9784-4635-83f7-503741ee1a8c,C00014,218.5,2025-05-02T23:18:43Z,RESTAURANT_A
305a7c59-c74a-44bd-b138-20c8a1ac0f9e,C00017,0,2025-05-14T21:43:04Z,BOOKSTORE
24d1de18-4261-4866-b36b-acbcb5f8299c,C00010,207.66,2025-05-30T12:08:43Z,BOOKSTORE
881e93c5-5265-4277-8582-d2d4a64a5ff6,C00021,210.43,2025-06-08T10:39:30Z,BOOKSTORE
e60b96bb-3aff-4734-a02e-de429175178f,C00029,376.33,2025-03-30T04:57:42Z,STORE_23
a9f8e94f-ecb1-482b-b062-cb7181d41ddd,C00043,180.35,2025-05-01T03:50:01Z,SUPERMARKET
40a379dc-f177-4b37-ad52-a01c80bb3a5c,C00012,32.16,2025-10-27T10:57:40Z,ONLINE_SHOP
0a7a6ea2-6b1b-415f-9d8b-40cebc0420bc,C00046,313.85,2025-01-09T05:37:47Z,CAFE_CENTRAL
83f996da-5fa0-491d-9ee8-c1bced8f158b,C00034,441.08,2025-05-11T14:26:43Z,RESTAURANT_A
99a57a8a-1635-40df-87b5-f21de1b18286,C00006,170.16,2025-04-02T14:11:03Z,CAFE_CENTRAL
fd7d3d58-d21f-460e-a9b6-070f4609f5b2,C00035,392.4,2025-07-25T18:56:46Z,STORE_23
d3f4883a-27e1-44ae-a352-28992943f865,C00007,0.0,2025-10-15T04:16:07Z,ONLINE_SHOP
aa9faea4-b0cb-4b59-a7e3-b4bb6f760a52,C00035,154.52,2025-06-07T11:21:04Z,RESTAURANT_A
44a7848d-cef3-4e95-a59b-86bfcd37e817,C00007,322.95,2025-08-25T11:15:37Z,BOOKSTORE
47ce4add-b4f3-4e93-86df-c127dcf97d85,C00025,92.06,2025-05-13T20:37:09Z,STORE_23
41f19082-4756-41d9-bd66-50bd444890bf,C00007,203.19,2025-11-20T00:51:52Z,RESTAURANT_A
c5ad78d6-03d6-4152-8a20-9cdfa9e0004b,C00023,40.38,2025-03-04T20:45:53Z,GAS_STATION
5bf667db-7e88-489d-b640-0551fd8b918c,C00025,346.29,2025-07-24T07:10:08Z,GAS_STATION
9fda0f91-486c-4e9b-9065-3432bca77fb0,C00046,203.98,2025-09-26T19:33:07Z,GAS_STATION
510f4998-cfe0-4376-9756-3be1b704d848,C00037,111.06,2025-11-14T06:05:49Z,STORE_23
54c63335-7632-4e31-8587-100d62964dab,C00006,86.56,2025-05-17T22:01:59Z,BOOKSTORE
6c0cfdad-8e20-47ae-b592-26dafc083b72,C00018,-25.0,2025-12-30T22:45:41Z,SUPERMARKET
6da24989-3e91-4b41-ad35-1eed95cd56d9,C00046,0.0,2025-10-10T16:06:59Z,CAFE_CENTRAL
bcf239f9-a531-4453-8d76-d58247412992,C00024,242.98,2025-03-07T06:41:41Z,PHARMACY
7dd4b469-4318-4f14-91db-6262d2e6b0b4,C00007,489.61,2025-07-18T11:52:36Z,SUPERMARKET
9c58dd68-db04-4ea5-866d-2de10e9b1405,C00028,124.48,2025-11-12T02:03:11Z,GAS_STATION
90781b63-3638-4d6f-972e-71f70be1fd9b,C00002,494.55,2025-07-26T03:50:21Z,RESTAURANT_A
aab184b2-2e2a-4110-b6a3-96e803777b10,C00031,283.19,2025-06-30T00:43:19Z,RESTAURANT_A
eeb105bc-9852-4343-9b58-b0651aacf392,C00013,92.1,2025-11-24T20:44:35Z,STORE_23
cefbaac6-6bbf-4fab-9333-e2cf5c5b76fa,C00008,-10.5,2025-02-17T18:24:23Z,CAFE_CENTRAL
280d6bac-0cb0-4b4d-b798-b3b2cf604953,C00044,87.9,2025-03-24T03:05:11Z,STORE_23
24eabb95-ccc9-4f55-a2fe-54fd565ccaf7,C00047,205.03,2025-06-15T02:53:02Z,ELECTRONICS_HUB
e49b2689-1399-4f63-9552-1cd0b5b35c3c,C00010,402.3,2025-12-04T13:48:22Z,ELECTRONICS_HUB
3d64e80e-1e9a-4f53-b24c-c1b912efa385,C00032,134.73,2025-09-18T02:56:16Z,PHARMACY
8b6173be-ace3-44cc-911f-4522e32871f5,C00026,90.16,2025-03-08T23:00:13Z,ELECTRONICS_HUB
1824107a-b1f7-4752-9336-f3fffd1bb28f,C00041,367.63,2025-10-04T23:20:57Z,RESTAURANT_A
4c7f6847-a940-4df4-91eb-7e8b2ebfe833,C00021,481.5,2025-12-02T21:27:52Z,RESTAURANT_A
d9fd348e-1156-43c7-a118-d65a149dfc16,C00039,435.02,2025-04-17T19:05:06Z,CAFE_CENTRAL
898eb8cd-4837-4a1d-993e-77bce848286a,C00029,297.87,2025-01-16T08:58:13Z,BOOKSTORE
ac190d28-e1b5-4985-95ec-3cdda203d02a,C00012,475.74,2025-06-17T15:26:31Z,CAFE_CENTRAL
abaa3cb0-b4c8-49d4-9a88-cab736607da8,C00024,433.68,2025-02-02T18:09:20Z,CAFE_CENTRAL
49c6f0c1-2956-42d8-bf98-8b56189bd68a,C00017,379.92,2025-12-25T21:25:51Z,STORE_23
b883f013-d731-4720-bf3f-e57630e44223,C00035,48.15,2025-12-06T07:50:28Z,ELECTRONICS_HUB
0a8c785e-c7fa-4e87-9172-aaf9cf676c54,C00030,219.78,2025-09-23T13:07:19Z,STORE_23
4119defb-b4c6-4d6f-bbe0-abd6b9cc3ba0,C00004,270.96,2025-09-16T08:46:36Z,PHARMACY
1291546a-7478-43b5-a6d8-1398387694f4,C00009,401.23,2025-04-11T15:10:38Z,STORE_23
31fed67b-21f8-4184-bcf0-bff1afa0733e,C00048,57.23,2025-01-30T22:49:01Z,CAFE_CENTRAL
0ec4228f-f56e-42cb-9ad1-108ab9791cf2,C00029,173.79,2025-08-16T11:24:11Z,SUPERMARKET
87d8bdce-a0e7-433a-a92d-c9da1cc06ad7,C00010,347.39,2025-10-18T02:24:59Z,BOOKSTORE
3e14e103-e2e9-4a5a-8c12-4da4543f4252,C00014,250.23,2025-10-23T02:16:50Z,BOOKSTORE
3151a8ab-d1a4-43e1-a5bd-f3fe22eef653,C00009,353.69,2025-05-16T18:59:15Z,SUPERMARKET
a1886254-9ace-4658-8af9-d36a784fa559,C00008,297.82,2025-02-23T02:48:40Z,SUPERMARKET
663d6a94-168a-4847-847e-564522603a84,C00041,416.95,2025-04-26T22:20:39Z,STORE_23
6522e7ce-4b94-4a26-897f-e3fdf50104da,C00050,56.46,2025-09-19T05:31:13Z,SUPERMARKET
e92155fd-8e2b-40e5-87d9-4472c642115f,C00002,143.09,2025-12-14T10:04:59Z,CAFE_CENTRAL
4e64222f-ce54-45c5-b554-3ff58e57c232,C00032,0,2025-11-04T05:37:49Z,BOOKSTORE
a517d1c1-38dc-49c1-8b78-fb98439ac65b,C00021,441.0,2025-01-19T18:53:56Z,CAFE_CENTRAL
02654268-ea04-4646-b0d3-5854af70049f,C00037,126.84,2025-02-01T00:28:44Z,GAS_STATION
bc49f537-7849-4c2b-83c5-dd5f26248820,C00009,314.15,2025-04-30T18:48:17Z,ELECTRONICS_HUB
602ef5bb-f996-4cb0-bc49-e5e9257ea14f,C00002,446.61,2025-07-21T08:38:49Z,SUPERMARKET
dc5b06ae-b460-4a84-8856-317a248d90ed,C00046,92.95,2025-09-02T07:02:05Z,RESTAURANT_A
d8cafdd4-bf6b-4097-96a5-ae682a8f8e33,C00023,100.82,2025-11-18T19:49:51Z,CAFE_CENTRAL
1af987c9-b3b3-4d94-abcf-bbc6f13e8e76,C00036,6.86,2025-01-10T11:29:17Z,ELECTRONICS_HUB
50d8def8-1ded-4770-84c4-4c1ac87b02cf,C00049,11.99,2025-11-29T23:10:04Z,STORE_23
ed27e1a1-c791-4b2a-8439-9b98c3102ff9,C00029,101.24,2025-12-09T21:12:03Z,ONLINE_SHOP
1b36a747-8158-46a0-8eb7-1859e6396839,C00012,225.0,2025-02-10T09:05:21Z,CAFE_CENTRAL
9fadcb92-212d-454b-8534-f7231a084c71,C00037,347.31,2025-07-01T07:44:09Z,STORE_23
250d1bca-ec9c-430c-8665-722b8d43d07e,C00045,489.48,2025-11-21T11:50:46Z,RESTAURANT_A
105184d7-b35d-4110-bffa-fa6cef441065,C00031,312.23,2025-05-14T13:58:47Z,CAFE_CENTRAL
272f2c4d-1cb9-431f-b565-9a918c788434,C00049,214.22,2025-10-11T08:03:27Z,PHARMACY
da6595b7-9159-49ac-862f-bc7a076a3a05,C00018,385.33,2025-04-01T05:48:53Z,ONLINE_SHOP
d636be11-6d6b-4de8-9a68-21b2f5d7ed62,C00034,102.6,2025-09-08T22:55:57Z,GAS_STATION
fb7cbfbd-16bd-4db0-8e0a-ca1fef89b2e3,C00043,230.4,2025-02-23T07:33:53Z,ELECTRONICS_HUB
a13d2900-2629-4a5e-819c-93245cef513f,C00050,15.1,2025-01-02T01:51:05Z,CAFE_CENTRAL
702696d3-74e9-4652-9c65-d55296585589,C00043,75.57,2025-12-05T02:53:37Z,STORE_23
57b16bd2-5bfd-46f3-8f17-e01eff5c3ac4,C00010,252.51,2025-05-18T14:25:59Z,ONLINE_SHOP
cbac7836-e529-409e-9380-d8d11d524ee6,C00012,111.21,2025-10-24T04:05:01Z,GAS_STATION
2758bc10-41ac-4a5f-a6c9-682fcbd2fe65,C00034,463.86,2025-05-28T00:22:31Z,CAFE_CENTRAL
aa840b97-fd4e-4e24-ae48-b5ff57564af9,C00023,249.07,2025-05-15T02:52:17Z,CAFE_CENTRAL
bab8ac41-1661-4637-83b9-decdefc39022,C00038,443.94,2025-09-19T23:00:36Z,ONLINE_SHOP
293ffa48-391f-4018-ab3b-90b614da89f5,C00033,0.0,2025-06-02T15:40:16Z,SUPERMARKET
b004ec6a-80c4-4e01-a691-0812764bbd9b,C00006,273.34,2025-05-07T07:08:30Z,ELECTRONICS_HUB
75654e2e-86a4-4bb7-9303-a1d727571ea6,C00039,213.89,2025-09-30T01:37:33Z,RESTAURANT_A
2afa3df9-dfab-47e8-be13-4d7ea865616c,C00007,262.04,2025-03-31T07:25:58Z,SUPERMARKET
f5e64150-c008-4aea-8136-f04810106565,C00031,495.96,2025-10-30T17:04:53Z,CAFE_CENTRAL
4d5a2c9a-1b19-429d-98e3-9b0fbb5e8eff,C00017,466.91,2025-07-09T20:27:31Z,STORE_23
48690cde-b945-4bfd-8573-46b842001669,C00012,42.88,2025-03-31T10:44:36Z,STORE_23
ff94359c-3721-4617-8539-ead2d08dcdec,C00042,221.9,2025-07-26T05:11:22Z,STORE_23
8a419a8f-1137-489b-b802-ddf75a49084b,C00042,-100.0,2025-02-11T13:10:56Z,GAS_STATION
31fa3fc7-1781-4879-b1df-9196613bf99b,C00011,15.65,2025-11-24T13:23:52Z,BOOKSTORE
29b3c253-e0a6-4ab5-8dac-c4d4e3d36865,C00035,449.25,2025-09-25T10:26:02Z,GAS_STATION
23f626df-eee7-4816-8cd2-f0ea4f08d688,C00004,420.17,2025-10-07T10:36:11Z,SUPERMARKET
ead6740f-7675-406a-be7c-0b1f68c17a88,C00026,368.17,2025-05-26T09:49:27Z,STORE_23
bded5172-d276-457b-9d36-54a6a94c3345,C00030,265.49,2025-08-28T05:46:25Z,RESTAURANT_A
f4280a40-6484-4521-94af-4c098fcc3d6e,C00047,394.99,2025-11-09T13:33:48Z,ELECTRONICS_HUB
9a5b14fd-f1b0-4f11-b99c-b39b170ea884,C00011,92.8,2025-09-28T06:55:49Z,CAFE_CENTRAL
51b3fb1d-2012-4d8d-8755-3b58b1b333fc,C00002,381.75,2025-11-08T09:27:54Z,ONLINE_SHOP
8b374ecf-fb5d-4c4d-8648-6f07f8a71516,C00050,279.58,2025-05-05T06:47:27Z,SUPERMARKET
5c5c9d54-d193-4f01-9a3a-9ca1a62dbce0,C00019,222.83,2025-08-08T11:01:54Z,GAS_STATION
4a6c7c19-62d5-4ce2-a715-fc3b458932f9,C00038,246.66,2025-07-29T12:01:33Z,GAS_STATION
f303218d-c7ad-4b9d-868c-1a8560d7dbac,C00042,143.34,2025-08-05T13:36:45Z,RESTAURANT_A
be529e23-14b4-4ef3-8b7e-a15ddb885dcc,C00049,317.5,2025-11-22T13:54:47Z,ELECTRONICS_HUB
8848bc89-1601-4a5f-a451-382db2e38668,C00018,259.12,2025-12-05T17:15:15Z,BOOKSTORE
875c9ebe-5911-4acd-bc88-ee7848a5980d,C00015,424.23,2025-08-23T22:47:35Z,SUPERMARKET
7e36cf03-d120-423b-88ce-b9863079105f,C00021,145.62,2025-04-30T23:16:35Z,STORE_23
61bb0ee6-16c5-4d8e-b7b9-36b852f65fea,C00002,217.19,2025-09-21T22:24:05Z,PHARMACY
77b9581d-ce5b-40f8-9650-5232379d5ea0,C00027,251.07,2025-02-28T14:00:00Z,PHARMACY
35cb1102-00ed-4698-b7d0-9fe6a07cff00,C00025,110.31,2025-10-28T06:18:43Z,GAS_STATION
0f6b22e0-5a7e-4e69-8d34-0dc974b42dd6,C00002,459.57,2025-11-13T13:05:45Z,BOOKSTORE
915cc348-2451-46b7-a45d-617b78ea58ba,C00045,16.53,2025-06-07T19:26:57Z,STORE_23
b15d2e18-20b1-4edf-9d7d-ca39c8c598e5,C00027,276.76,2025-08-31T14:05:31Z,BOOKSTORE
b15d2e18-20b1-4edf-9d7d-ca39c8c598e5,C00027,276.76,2025-08-31T14:05:31Z,BOOKSTORE
f77b695d-2b44-4d1e-aa1e-4124d7f80fb3,C00012,48.94,2025-10-22T01:34:37Z,BOOKSTORE
f75092a7-c897-480c-bd89-7fcae8052a98,C00002,466.58,2025-10-12T07:17:44Z,STORE_23
2d83412f-a319-477a-8c29-989219921516,C00024,414.61,2025-03-10T11:45:04Z,CAFE_CENTRAL
9e9c1b99-ff5d-45fa-803f-34e76550e5af,C00046,219.17,2025-06-24T03:21:52Z,BOOKSTORE
dcdc026a-badd-46c3-ad88-5c8001db369f,C00046,456.74,2025-10-02T19:55:23Z,ELECTRONICS_HUB
3d78cc9e-6d26-4662-87e1-a550370c092c,C00005,439.67,2025-11-10T21:11:25Z,STORE_23
d8d360d4-3a1e-4181-8b45-155af3116630,C00003,414.98,2025-02-19T17:12:12Z,BOOKSTORE
1e7df21c-f05b-4699-ae43-193a57c13774,C00001,228.86,2025-11-20T19:07:07Z,ELECTRONICS_HUB
06f71e64-e0ec-427d-8441-126d4402a949,C00018,253.25,2025-04-03T07:50:48Z,SUPERMARKET
25756e3a-9071-47ea-9884-4c54e6c1fa76,C00012,443.48,2025-12-11T00:11:43Z,GAS_STATION
2f11eced-12e8-4467-9ecf-7ce54d96acb0,C00007,344.47,2025-04-09T04:03:33Z,RESTAURANT_A
488af590-d536-4e8d-bb42-7ef19416b406,C00014,488.58,2025-07-11T16:54:25Z,STORE_23
fa0bca95-2d65-4308-99c1-f00b1e0bd93c,C00001,201.89,2025-09-28T06:08:04Z,GAS_STATION
f3cefd86-f30d-45bb-8db0-308f13c4bc3d,C00049,399.4,2025-10-28T16:39:08Z,GAS_STATION
490efe6e-bc94-44c1-b3c1-2fa654915d6b,C00022,119.46,2025-07-06T12:05:31Z,RESTAURANT_A
2e84ec46-4990-4592-96be-952bdfccbbd8,C00038,293.68,2025-09-16T16:39:35Z,CAFE_CENTRAL
1bbe761c-82c1-45e9-8d0e-3383a97b8e71,C00044,0,2025-10-29T12:34:13Z,RESTAURANT_A
8105afaf-30f4-449f-bfb8-79d164e1a450,C00009,393.85,2025-01-14T19:04:45Z,STORE_23
d4d7f1a5-f38b-4785-b65a-0fa78d895964,C00036,452.29,2025-06-16T08:39:31Z,GAS_STATION
5c51abd8-1930-42b4-8584-67e71bce4784,C00034,120.95,2025-04-07T04:51:32Z,SUPERMARKET
625a7fde-efb9-4259-9015-37a0a2e12b05,C00003,240.93,2025-06-24T21:18:15Z,PHARMACY
060ada6d-fb7f-4a9f-9ae8-6df807ffee1f,C00015,243.69,2025-10-25T19:35:35Z,SUPERMARKET
c8d0735a-7738-42bc-a5db-e5943ff4a82c,C00036,155.88,2025-05-05T09:57:25Z,SUPERMARKET
4db47b1b-6c8e-46a1-a6e7-6eb11e6fb468,C00038,133.97,2025-02-19T08:02:59Z,ONLINE_SHOP
3fd98f6a-daa2-4d31-b89c-5da9b718fb94,C00015,50.96,2025-03-13T07:38:13Z,RESTAURANT_A
2b89aa15-c334-4993-9516-973ab39281c8,C00019,269.29,2025-10-31T03:53:52Z,GAS_STATION
3a2e2abd-478b-439b-a44d-7ec6d16b7318,C00028,403.77,2025-07-16T09:49:13Z,BOOKSTORE
b47ac10e-53cf-4dcd-81f6-d94b7afaca6a,C00033,461.61,2025-05-17T06:07:04Z,STORE_23
94bdf02b-ce79-4956-a36d-ca30c8a650e6,C00037,-100.0,2025-02-13T06:17:57Z,ELECTRONICS_HUB
750c7f1a-bf11-4d5a-8939-806fd094c817,C00031,306.17,2025-09-14T08:47:54Z,SUPERMARKET
c5555bda-e12f-4a51-9aad-0ce4af6aacdb,C00041,116.01,2025-08-03T09:01:18Z,CAFE_CENTRAL
6eeb8003-b138-4acf-a3c5-3a0547abb0d5,C00013,17.64,2025-10-30T17:17:55Z,RESTAURANT_A
4f41efd3-3547-47a9-86c6-1acc299e910d,C00013,318.99,2025-07-29T14:54:53Z,PHARMACY
d18d6af9-b27d-4fab-b69a-3b72d5d21eda,C00031,67.76,2025-02-07T12:17:46Z,ONLINE_SHOP
34416348-7032-4afc-bdd1-2583f766f774,C00025,499.11,2025-03-10T16:36:23Z,GAS_STATION
86f5c45b-9ffe-4e53-bad5-ea0975d62de6,C00023,88.91,2025-03-09T06:09:01Z,ONLINE_SHOP
41d7d4da-34d0-4c7b-b7e7-217ebc804c2b,C00019,199.99,2025-12-25T13:07:49Z,BOOKSTORE
e7d308c6-80b8-4fb1-8193-85e6a1166949,C00039,263.76,2025-11-03T06:23:09Z,STORE_23
ff09b882-0dba-4ea8-a09b-f0ca19ab486d,C00001,409.46,2025-05-06T23:33:30Z,RESTAURANT_A
9db1b7fd-a0b6-4f62-b2e1-93f8587439b5,C00041,309.21,2025-01-14T19:48:31Z,RESTAURANT_A
1345e234-130c-419a-9f25-860cce952ed4,C00045,234.5,2025-09-20T13:46:17Z,GAS_STATION
62cfbd41-6fdb-4a8f-aa15-97ce3f096fa6,C00044,101.7,2025-10-06T19:48:46Z,GAS_STATION
4110d3ef-5197-44d7-a87e-9ce8290f4ac1,C00009,451.81,2025-12-02T03:55:50Z,SUPERMARKET
24f21e0a-783f-4747-b7ce-9d451c781d24,C00047,337.62,2025-05-05T16:21:52Z,BOOKSTORE
f1adbcb1-2da0-42d8-832b-e7b1ec7d2ea5,C00035,82.75,2025-09-01T12:34:52Z,BOOKSTORE
86b46075-d6fc-4e17-a8ff-c18e99b6c562,C00034,92.79,2025-07-07T20:48:31Z,ONLINE_SHOP
dc51eb59-f2f2-434b-a756-95c86d7f9f3c,C00045,158.99,2025-06-27T08:52:39Z,GAS_STATION
17973971-6407-4de5-814e-8c6145ca7f05,C00021,341.46,2025-05-08T02:18:16Z,STORE_23
af08fbe4-1a8b-4e51-9483-8006049e4789,C00036,307.49,2025-02-03T14:20:50Z,ELECTRONICS_HUB
7bba29ef-b755-4885-aa94-1756e662e0c9,C00045,364.23,2025-08-07T23:08:51Z,RESTAURANT_A
320cb54f-f266-4005-9e97-8c9af5bfaeae,C00032,119.38,2025-11-14T11:01:24Z,ELECTRONICS_HUB
b64ed4f8-c9be-4461-b570-5a2208f186ad,C00043,230.26,2025-01-11T22:11:02Z,GAS_STATION
fbba8fd8-cd22-4902-947f-905566053240,C00010,463.55,2025-02-18T14:08:03Z,PHARMACY
99942ef2-d3ee-45fc-9aee-6d9f4c869f2c,C00032,336.73,2025-09-16T06:42:08Z,RESTAURANT_A
8eeec54a-3f3e-49a8-8fcf-dcac2345a88d,C00022,328.5,2025-03-24T11:48:45Z,BOOKSTORE
d51cdc39-e9f8-4c49-9435-57303489c3c7,C00020,162.12,2025-01-18T05:36:17Z,SUPERMARKET
5d6db4d6-0dda-41dc-8905-ac854dc89bcc,C00003,341.81,2025-12-19T13:38:30Z,CAFE_CENTRAL
38aef2e9-5b4f-4d77-a339-4b4162d48fda,C00040,331.66,2025-10-29T14:03:19Z,SUPERMARKET
07000cc1-9c7e-483a-bc4a-556e2bffcce3,C00013,202.84,2025-12-26T19:25:31Z,BOOKSTORE
77b1c801-a924-40a3-aff9-a941dccb27ac,C00003,115.62,2025-08-03T05:14:37Z,GAS_STATION
9fb23bcf-5d82-4903-bff0-559f6d473447,C00006,-100.0,2025-04-19T09:58:53Z,CAFE_CENTRAL
c06719c7-b0b2-49bc-adbb-7c34877f58e0,C00006,385.75,2025-09-05T11:46:27Z,SUPERMARKET
c4ac0cdc-de66-478c-a447-f696ed609e07,C00022,-25.0,2025-09-28T19:21:49Z,ONLINE_SHOP
fc9257cc-8447-4918-94f8-a8cd78cea072,C00006,-25.0,2025-01-19T10:33:34Z,ELECTRONICS_HUB
76fe4646-9a98-4145-bd26-7bbaf8e9bec9,C00009,57.46,2025-05-15T16:58:20Z,PHARMACY
d17402ef-aad8-495a-b1c8-0c17cc488a77,C00047,277.1,2025-10-24T22:17:36Z,SUPERMARKET
b73c08e5-0cad-44e5-a07e-0a565a1bdf34,C00016,422.33,2025-01-31T01:32:55Z,PHARMACY
968346a5-c4e7-4bfd-aa62-04d3b797b31d,C00002,497.78,2025-11-08T02:35:43Z,GAS_STATION
48582755-69b9-4bb6-93cc-d49fedf3be6a,C00029,472.36,2025-07-28T11:20:21Z,ELECTRONICS_HUB
7a6eac45-461e-47b7-a524-9a7365aec0c2,C00015,45.42,2025-06-30T18:46:56Z,RESTAURANT_A
4de85a2d-46cb-4a51-9f96-4a9fdbb39276,C00047,373.01,2025-01-18T13:06:29Z,GAS_STATION
1b4ac2cf-a7d6-4bdc-8100-728918fa4c54,C00023,158.95,2025-09-14T20:35:04Z,RESTAURANT_A
038db9b2-645f-439e-9d72-b9deea3188be,C00049,416.29,2025-09-14T10:44:44Z,STORE_23
ac29a37d-8141-455b-af67-5a10c19fcf29,C00047,422.79,2025-05-06T15:36:06Z,STORE_23
72f61014-55c6-4385-804c-9108358e67a1,C00050,427.98,2025-05-08T04:20:43Z,PHARMACY
31417a46-d7c2-481b-9619-db1068896cb1,C00010,21.92,2025-03-11T19:07:21Z,ONLINE_SHOP
cdb68713-fccd-4b5d-ab0a-b076a31d9b38,C00001,34.91,2025-11-11T16:43:57Z,ELECTRONICS_HUB
22d8a54f-4d29-44b9-9a6c-b77f76527cf6,C00013,197.03,2025-08-16T23:33:46Z,ONLINE_SHOP
72f323af-55c1-4105-a2e7-d7e1af837c5a,C00019,281.0,2025-05-19T05:25:25Z,SUPERMARKET
4d5a2c9a-1b19-429d-98e3-9b0fbb5e8eff,C00017,466.91,2025-07-09T20:27:31Z,STORE_23
aa0ac991-c79c-4937-bc15-311ec8510a46,C00049,74.81,2025-09-11T19:47:37Z,RESTAURANT_A
46801f82-2a04-4bde-8ffb-32cd12c53fa3,C00045,326.74,2025-01-23T05:02:18Z,RESTAURANT_A
143b4acd-bbac-467f-97b9-1b337ba6456d,C00036,132.89,2025-06-21T12:01:33Z,RESTAURANT_A
ecb99fb8-3736-42d5-b91c-ccab740ddeda,C00017,218.03,2025-04-10T02:29:16Z,SUPERMARKET
f2d8bb47-0521-41d6-8e0c-e6f569cfb3c4,C00014,459.68,2025-02-10T00:45:54Z,SUPERMARKET
1a6b8e1f-6594-4c5d-8924-43908ab41672,C00042,84.25,2025-05-06T22:23:10Z,ONLINE_SHOP
5dadc412-b017-40e5-853c-7966db8a61d1,C00018,402.78,2025-03-06T03:20:38Z,SUPERMARKET
27a96994-d8af-4965-9639-f406e5d8ea94,C00043,9.88,2025-01-12T23:05:56Z,RESTAURANT_A
9945aac5-6b5f-41ef-88ec-949fc4bd5730,C00006,69.45,2025-04-04T16:11:58Z,GAS_STATION
4ed5a22b-571a-46fc-ad38-ae8b1bb4642d,C00007,454.75,2025-06-26T07:08:02Z,RESTAURANT_A
aed86c86-75c6-4ea8-a6c0-512a1963b50c,C00004,18.03,2025-08-24T01:22:38Z,PHARMACY
4183cb0c-dd04-47d5-b786-7cd309ce0286,C00038,278.79,2025-10-19T08:28:34Z,STORE_23
ff7e7df7-c8d0-4c1a-9844-271bcba146dc,C00038,446.57,2025-02-03T16:56:23Z,ELECTRONICS_HUB
3b964b33-22eb-4213-bc9b-e67237619cce,C00010,170.79,2025-06-04T17:58:06Z,RESTAURANT_A
19792f41-41e7-4d62-886a-a5a1f570a0d3,C00004,444.27,2025-08-21T20:51:17Z,SUPERMARKET
b0662ec5-176e-4d84-b411-ee99e4b28c10,C00025,60.64,2025-08-16T13:04:09Z,PHARMACY
a5e0f739-ba53-4533-986f-1db282e7c1d1,C00044,463.17,2025-08-13T02:15:37Z,STORE_23
c3bf46b7-9b78-4813-81d8-74e0795d9ae6,C00049,77.61,2025-05-19T18:15:20Z,SUPERMARKET
2cba8fcf-5c51-4ca0-be3f-69d2520f5270,C00021,303.45,2025-01-11T09:30:37Z,RESTAURANT_A
e28212d2-7a26-42a7-8b2e-14c628b11985,C00043,60.91,2025-10-09T12:45:33Z,STORE_23
d8354e39-2c43-4091-9f27-c5adbec3f62b,C00002,46.53,2025-06-29T14:50:56Z,STORE_23
6fe29f2f-4a73-4ce8-a16b-417b165e3811,C00050,246.03,2025-04-05T00:27:21Z,STORE_23
7b00a7dc-09f0-4400-af16-608c1a02423f,C00038,419.11,2025-08-15T08:18:57Z,ONLINE_SHOP
0875741e-d879-466f-96de-8eb925d92bd2,C00036,26.62,2025-03-19T05:58:33Z,SUPERMARKET
e1cfffee-534c-4a1b-9c17-4095a56676b0,C00026,164.94,2025-10-11T04:54:55Z,SUPERMARKET
1b2ed1df-c442-4c2f-9b04-626e53126631,C00009,224.87,2025-01-18T19:28:46Z,PHARMACY
2f67b1d6-9b71-4234-b5ee-7dbaefdfc5f7,C00050,409.18,2025-07-15T01:06:03Z,ONLINE_SHOP
ed27e1a1-c791-4b2a-8439-9b98c3102ff9,C00029,101.24,2025-12-09T21:12:03Z,ONLINE_SHOP
3494b4b6-8f81-4d0b-b8cd-81d2f6bd0045,C00040,363.05,2025-05-09T03:32:39Z,STORE_23
0335c083-dff6-4efc-b11c-a802d9fe964c,C00025,307.48,2025-05-21T06:45:26Z,RESTAURANT_A
38cf5ae6-54a9-45f2-951c-295c5c4b8ba1,C00008,214.16,2025-01-15T20:26:18Z,SUPERMARKET
3f68847b-5a40-4ee1-81bf-6035d3b5923a,C00001,14.29,2025-11-13T15:58:49Z,STORE_23
adacbb3e-6fbc-4328-bcf1-49b6767d4d7c,C00042,385.79,2025-05-31T22:08:10Z,BOOKSTORE
ee95a186-e27e-4070-9930-533fb1c2aac1,C00007,494.56,2025-05-19T23:09:35Z,STORE_23
a4a4dd35-d00e-4da9-a5bc-6efe96e593ea,C00003,144.17,2025-02-05T07:29:20Z,PHARMACY
cd6fee95-f55c-44bb-8a84-0fc196396f09,C00032,357.99,2025-08-09T12:49:16Z,CAFE_CENTRAL
9ec862af-ce9d-457d-a44e-921b39a9dafa,C00017,398.2,2025-08-05T23:59:33Z,CAFE_CENTRAL
d10badfb-4b1b-426b-82cf-9b0f2165bda2,C00027,-10.5,2025-12-07T14:39:58Z,GAS_STATION
7493377d-39db-4ce8-8190-31b44b2f7e60,C00005,216.54,2025-07-20T21:21:50Z,PHARMACY
18572ff2-672b-4f47-8745-6a3e0f5490f5,C00007,327.14,2025-12-03T23:55:01Z,SUPERMARKET
832c707f-aa10-4d67-b281-e0fd94774af1,C00014,16.72,2025-04-21T00:16:12Z,CAFE_CENTRAL
ed32890d-2add-45c6-a574-8ae0da2d4af0,C00026,494.19,2025-11-16T09:19:01Z,RESTAURANT_A
cf7c773a-3713-4c8f-8649-3567eb8a0503,C00007,373.79,2025-11-07T09:58:09Z,CAFE_CENTRAL
e7032ba6-71c8-48c9-8d2b-3d22282be309,C00022,183.44,2025-03-10T23:43:12Z,BOOKSTORE
fb1a34b4-3182-4eca-b454-9aac12121373,C00049,0,2025-06-02T05:52:30Z,RESTAURANT_A
fe5d397e-0bd2-4522-b4c6-e90c43e74c25,C00035,215.41,2025-07-06T15:48:03Z,RESTAURANT_A
2f939fd2-45a2-4ef3-aa7f-5110416609f9,C00050,365.68,2025-08-10T23:48:21Z,BOOKSTORE
3cc32b33-c29b-44c6-a170-d8e3b65245ec,C00035,361.01,2025-01-10T00:03:26Z,PHARMACY
20b33303-3ac9-4c7a-ada1-ed6886179f3c,C00040,163.67,2025-12-20T12:07:49Z,ELECTRONICS_HUB
98746398-82e4-43e8-aeb6-4519f4729c66,C00024,81.73,2025-08-28T15:52:43Z,STORE_23
3b45b1d7-af92-4893-bda1-0a9da9cc6f83,C00046,356.22,2025-10-08T13:28:34Z,GAS_STATION
2d5e702f-4da1-40c1-bdb7-774e1f5e98c3,C00012,300.89,2025-03-24T07:07:50Z,ONLINE_SHOP
ce8d6bae-e3c3-47da-aec9-da81dfd7a6b7,C00042,292.0,2025-10-19T07:52:08Z,PHARMACY
78d46283-88b8-4d30-bfd5-4af7e82a5233,C00022,131.64,2025-01-05T15:18:51Z,ELECTRONICS_HUB
6fd0940f-7275-41de-8336-7329801dfb78,C00046,306.61,2025-09-25T21:51:59Z,ONLINE_SHOP
52d57ae9-4d11-4efc-96ae-5c1f59b118e9,C00027,221.56,2025-08-14T09:29:12Z,GAS_STATION
f1e3557d-f3ff-48fd-a5fc-92bfb4138fdc,C00047,258.44,2025-10-21T21:54:30Z,CAFE_CENTRAL
446f6f98-e845-4918-b7e9-2689448d7451,C00006,470.51,2025-05-31T22:19:41Z,ELECTRONICS_HUB
aa840b97-fd4e-4e24-ae48-b5ff57564af9,C00023,249.07,2025-05-15T02:52:17Z,CAFE_CENTRAL
5c6545fd-9e9a-4f07-a7dc-71f86140d668,C00017,51.81,2025-04-07T18:19:37Z,CAFE_CENTRAL
a50bb6ef-9b76-4bf8-8b2f-3fbea5e7b12a,C00044,-100.0,2025-06-20T07:47:08Z,CAFE_CENTRAL
ffec185b-f833-44fc-a213-1b2060b93f90,C00006,48.19,2025-04-30T11:21:13Z,BOOKSTORE
968346a5-c4e7-4bfd-aa62-04d3b797b31d,C00002,497.78,2025-11-08T02:35:43Z,GAS_STATION
04619fe9-2fe0-4a75-9987-e9143e43714b,C00034,239.69,2025-02-28T00:50:38Z,GAS_STATION
5cc4c21d-5b86-4aea-b725-075a7b33d0e0,C00050,-25.0,2025-03-13T01:06:42Z,ELECTRONICS_HUB
038c98c0-e116-4fbc-81ec-2d06356576b4,C00043,484.84,2025-10-15T23:44:45Z,ONLINE_SHOP
7dcac039-1cab-4aca-9e1b-5f1071890923,C00006,483.38,2025-01-17T19:19:04Z,PHARMACY
3cc81eae-e8da-4a4b-b370-412b35529d5a,C00037,179.22,2025-03-12T20:11:50Z,SUPERMARKET
4301bbf0-6f8d-40fc-8922-8f24840804e1,C00021,217.51,2025-03-21T22:08:13Z,PHARMACY
55d5480d-5bff-4762-91fe-b4c7a6c0e494,C00028,406.96,2025-01-23T20:57:13Z,PHARMACY
c28feedd-9de2-40d5-b480-1678cef25a0c,C00009,461.64,2025-02-08T06:51:33Z,ELECTRONICS_HUB
c9e3a042-2c24-4c57-bd06-7ac70bd7c521,C00031,446.18,2025-01-15T06:29:31Z,STORE_23
f1de3ce5-b518-4a7d-8bdc-7fb40efbe382,C00017,0,2025-11-10T08:24:27Z,BOOKSTORE
7769ad30-fd0b-4391-8aea-06d60d408c75,C00049,460.88,2025-11-02T09:49:59Z,BOOKSTORE
6232b904-54c7-453a-9ec6-aebe5716f1d2,C00014,469.41,2025-05-03T23:05:54Z,GAS_STATION
76be2c83-3685-4c28-aa9c-453da0b8aafe,C00004,149.56,2025-05-05T00:49:01Z,ONLINE_SHOP
38b1292b-0dbd-498c-9df4-e389649c7ee0,C00041,399.57,2025-02-24T19:20:32Z,PHARMACY
488ffbe6-7da6-4fc1-a3d1-6d0f63e6434e,C00003,379.46,2025-01-22T13:18:13Z,SUPERMARKET
7c4711f9-6f0f-43e7-866e-dce58fcae05a,C00029,167.41,2025-07-21T04:21:43Z,SUPERMARKET
bc4d235f-7cc3-4b9d-8e04-12b88f54a7bb,C00020,147.8,2025-07-28T04:35:46Z,ONLINE_SHOP
7b949d9e-e0cd-4aec-b9e4-df14f04ef6e5,C00016,365.39,2025-12-30T16:39:59Z,BOOKSTORE
d4944c48-57fd-4f05-b09f-b308c7aa7323,C00015,94.91,2025-10-26T10:57:48Z,GAS_STATION
50b2470d-e99b-481c-9d2e-9c408c2f7f40,C00035,74.43,2025-07-23T21:22:36Z,RESTAURANT_A
dc0c76c6-51a7-4d38-a97a-b43f18a6943f,C00033,256.06,2025-07-17T05:20:37Z,GAS_STATION
b3024caa-4f04-4e40-8c3d-714228e8fbda,C00016,158.21,2025-05-18T16:55:53Z,ELECTRONICS_HUB
be76e666-8959-40c4-82d0-0c4224974f34,C00034,167.62,2025-12-15T21:25:40Z,BOOKSTORE
ebd20a21-8f65-4b7e-bb36-ef91a5af5e03,C00042,39.26,2025-05-10T02:19:52Z,CAFE_CENTRAL
ecfea1f0-9c17-405c-b029-e9ba4b6497e5,C00021,439.08,2025-07-18T16:47:00Z,STORE_23
7828f819-fd26-4940-a950-8b9022d58648,C00045,276.36,2025-02-17T07:43:15Z,PHARMACY
eb044cd0-3abf-4e45-bb81-e69396b8593f,C00027,297.44,2025-02-22T15:05:14Z,GAS_STATION
e6177110-6804-4086-b88d-dd5e73ae52b1,C00009,113.01,2025-07-23T02:09:01Z,RESTAURANT_A
2b799ae1-2736-460c-a26e-34f9d365b0ea,C00023,110.36,2025-07-05T13:29:06Z,GAS_STATION
34968eb9-8983-4d89-9c64-cba4bae898eb,C00028,191.4,2025-06-04T02:27:55Z,ONLINE_SHOP
d8cafdd4-bf6b-4097-96a5-ae682a8f8e33,C00023,100.82,2025-11-18T19:49:51Z,CAFE_CENTRAL
a6ce3eb5-5803-4141-8cc5-7cb609e50457,C00029,109.07,2025-11-29T01:43:22Z,ELECTRONICS_HUB
a5432bff-893d-4418-b77b-2c6b83d840a8,C00042,488.28,2025-12-30T04:47:55Z,STORE_23
4b159527-1c26-4704-99cc-8934d8f1055f,C00036,387.44,2025-10-08T17:03:56Z,ELECTRONICS_HUB
5bc2ca44-2ff0-4893-9eb7-b057e6ad1067,C00010,348.24,2025-12-20T23:29:19Z,STORE_23
dc92eb0c-2bda-4110-bda9-8dbde1ed25b6,C00004,94.55,2025-02-14T07:49:28Z,ONLINE_SHOP
0336557c-3efa-4eaf-9820-0667ae4811de,C00045,305.13,2025-11-30T23:18:43Z,SUPERMARKET
e5ff2d99-a33d-4de8-ab32-d3022fa8da02,C00001,124.83,2025-06-14T16:32:34Z,STORE_23
5dfe61de-9599-47c5-b2d1-555a0487cda5,C00023,227.07,2025-03-08T22:42:15Z,BOOKSTORE
d9e34c0e-4825-4c4a-9c52-53e6e1147b49,C00049,-10.5,2025-06-25T02:38:51Z,ONLINE_SHOP
370bc19b-0ccc-47ba-96b2-bdf2efc16443,C00017,382.99,2025-12-04T19:59:44Z,ONLINE_SHOP
8dfcd83a-5671-4d07-b85d-33ddcbcfa330,C00009,203.85,2025-10-06T00:22:40Z,STORE_23
1a4f10d2-11c5-4439-a5da-8577543e0f12,C00018,226.98,2025-08-08T11:55:08Z,ELECTRONICS_HUB
97454e27-b3f2-4bf4-b11a-1fe0b479fcc0,C00002,95.37,2025-01-07T09:17:41Z,STORE_23
82358593-1b65-40a9-b5cd-c0a1a7ca0a53,C00012,377.67,2025-07-15T13:15:15Z,GAS_STATION
017da255-6460-4a63-9d5b-6b9395f0a46f,C00011,200.84,2025-05-10T15:30:27Z,BOOKSTORE
93916c04-9b07-450b-b9dc-4a8348450b28,C00024,263.52,2025-08-19T00:58:30Z,ELECTRONICS_HUB
b5f8c94c-9f42-41d5-983b-2a6a591e34e7,C00015,461.82,2025-03-22T05:26:53Z,STORE_23
b6cf9fae-07fd-4b81-bb18-8e0fda468fce,C00009,138.95,2025-08-29T21:37:09Z,BOOKSTORE
925c6fcc-e7d6-44ca-a21c-4999a9f7c99f,C00030,204.23,2025-03-17T21:20:32Z,SUPERMARKET
c3d91552-bc6b-4ead-9d6a-2fdd81195e2a,C00030,387.19,2025-12-21T09:34:56Z,PHARMACY
ed140b52-7014-4fa3-9aad-94ce518faad4,C00037,70.11,2025-03-23T00:36:34Z,GAS_STATION
3395181b-72be-448a-bbe4-889b53bd2daf,C00023,321.86,2025-04-03T16:09:13Z,CAFE_CENTRAL
214f0a67-674b-407d-a2ce-d785d0a7e959,C00029,193.64,2025-10-13T15:22:12Z,RESTAURANT_A
e87877b9-3d3f-4a4a-814c-56913c80a1ad,C00008,96.68,2025-03-28T17:56:09Z,RESTAURANT_A
0bcec2fa-fe5d-41bb-8995-e9dcd7e41321,C00041,316.95,2025-01-16T22:50:48Z,PHARMACY
189f0de4-3d3c-4240-8b1a-3c7474cb1f5c,C00027,497.29,2025-10-16T01:43:09Z,CAFE_CENTRAL
f0c05b95-b5f8-489f-8fed-d7cdde19026b,C00012,366.29,2025-01-15T08:22:53Z,RESTAURANT_A
4563c58a-65e5-4b65-8e2a-e80139b74419,C00029,28.91,2025-09-05T19:37:52Z,STORE_23
fa232438-034c-4e3c-a13f-60edefaead8e,C00027,157.62,2025-08-05T08:09:30Z,ONLINE_SHOP
0349e937-aad4-41fc-b2fb-b52554b56f95,C00001,257.63,2025-03-11T02:54:10Z,CAFE_CENTRAL
3b45b1d7-af92-4893-bda1-0a9da9cc6f83,C00046,356.22,2025-10-08T13:28:34Z,GAS_STATION
c55f67d0-3169-441d-b966-9662d64a740e,C00016,105.88,2025-12-13T06:22:45Z,GAS_STATION
aa27a15a-be3e-425e-af7d-53326d4bac4f,C00033,21.97,2025-09-20T23:24:46Z,STORE_23
8e582eb4-201b-40c4-8fb5-006909bbdcb6,C00029,103.28,2025-04-18T12:22:31Z,RESTAURANT_A
eedc4cd4-12a7-4ebe-9887-5df82dcc38b4,C00014,202.39,2025-09-16T06:21:54Z,RESTAURANT_A
f394e018-86a9-497f-bc14-f8e1181e12fa,C00024,434.39,2025-01-12T08:31:15Z,STORE_23
21bdca34-6606-4cd3-9614-def350e49ae7,C00030,435.2,2025-02-13T10:36:00Z,RESTAURANT_A
6180bd65-0f01-4ace-954e-3a345c57f8c0,C00032,330.14,2025-01-16T21:52:26Z,GAS_STATION
62fecabf-5448-4441-849f-05105c916fde,C00025,146.1,2025-01-21T17:10:20Z,GAS_STATION
bedc3a98-159a-4783-a40a-3cc6b6fb445b,C00019,260.18,2025-03-19T09:35:39Z,ONLINE_SHOP
10c23eb2-022d-4775-b9fa-3c284f8ba2f5,C00024,209.89,2025-05-16T01:06:33Z,RESTAURANT_A
603f75f1-307f-4907-87c7-7e758ec7270c,C00004,181.18,2025-05-01T13:09:44Z,BOOKSTORE
1cb84ad2-7508-4623-8220-f8d4a833407b,C00026,317.85,2025-07-01T06:58:00Z,ELECTRONICS_HUB
c712d032-e6b2-42ab-9636-48506f3a6fde,C00050,43.67,2025-06-08T22:37:06Z,ONLINE_SHOP
2e166a6e-0816-4944-8f6a-84c556e5e419,C00049,0.0,2025-02-04T04:44:05Z,GAS_STATION
630aba1e-0b97-4e8a-8d0f-627894c3cc06,C00021,-10.5,2025-08-22T18:12:32Z,ELECTRONICS_HUB
5f9f41cc-832a-4c77-860e-d59a5df30ae7,C00043,327.38,2025-06-25T04:41:44Z,GAS_STATION
9575fb66-ec4a-4321-a6ec-d12958043f88,C00009,420.07,2025-06-21T21:38:43Z,GAS_STATION
92b66e44-aadd-424f-8a58-66ce4e179d56,C00048,210.67,2025-10-12T03:05:26Z,CAFE_CENTRAL
1ae22f4b-6dec-4882-852a-657e39be26ef,C00014,269.39,2025-08-11T05:22:22Z,PHARMACY
72348466-b1fe-4a9d-914e-2ed3ff480807,C00018,308.47,2025-04-03T00:30:10Z,ELECTRONICS_HUB
bcd31cc4-20b2-4e83-9fdf-f0f421fd0989,C00006,409.89,2025-03-23T20:51:41Z,PHARMACY
e33bdf4e-ce4a-48df-ab6f-2ca031a43f8b,C00002,428.03,2025-10-26T06:43:38Z,RESTAURANT_A
967ca0f6-e851-4b25-880c-031b031afd2e,C00005,284.11,2025-03-04T13:58:43Z,BOOKSTORE
add14bc2-622f-4f2f-9845-493eaaae892b,C00012,371.21,2025-11-30T12:36:56Z,GAS_STATION
4444cc17-71cf-4e9e-be3a-9aa33c624708,C00020,395.06,2025-03-21T07:12:43Z,SUPERMARKET
705dbcef-f529-41dc-9c89-1d8abd8ff386,C00034,226.06,2025-08-11T02:22:35Z,GAS_STATION
42eba160-5238-4ee0-a390-52f3df1ac609,C00016,222.52,2025-02-13T04:36:18Z,RESTAURANT_A
e2bacc46-87cb-4f26-ad45-433a38adbcb5,C00045,438.24,2025-11-14T13:54:12Z,PHARMACY
ca2d17ed-8829-40e5-8ecb-9860caaa15fc,C00037,362.68,2025-11-04T00:06:03Z,STORE_23
167f1df3-2255-4b8c-8ae9-fa0de488dff8,C00022,201.17,2025-03-09T01:11:50Z,CAFE_CENTRAL
49a527e4-1eb5-47ff-9eb4-637bb66c7fa7,C00038,138.99,2025-10-21T08:25:16Z,SUPERMARKET
56ae78fc-ddd1-4c9d-b3c1-2832b358eecf,C00001,456.76,2025-02-27T20:41:26Z,PHARMACY
b4b2262f-8b70-43ea-9629-28e4c4b192bc,C00036,436.15,2025-01-25T00:13:22Z,BOOKSTORE
be219c50-e9c2-44fc-abf4-6c52f446bafa,C00027,215.41,2025-02-10T18:38:12Z,STORE_23
ac21854c-8645-4173-b0be-42dbfbb7ef23,C00046,16.88,2025-01-20T17:03:52Z,SUPERMARKET
e0491475-2ee4-4ff2-82c3-8c02f6626a32,C00047,90.34,2025-01-19T09:04:55Z,GAS_STATION
dade0db8-d528-4058-95f1-d27a17521742,C00049,435.08,2025-10-14T16:37:54Z,BOOKSTORE
cc2bb750-f6b7-4354-95e8-21b46148fe39,C00031,106.64,2025-02-03T12:03:30Z,GAS_STATION
c401d7e6-f0be-4753-9c2d-f8a0ce3b0865,C00003,170.71,2025-12-14T13:17:17Z,ELECTRONICS_HUB
52925409-c2ab-4450-acb7-1edc4b7e5a4c,C00001,24.93,2025-05-24T20:27:21Z,ELECTRONICS_HUB
9ba087be-8cc5-43a8-9018-a04807071614,C00040,489.54,2025-01-31T20:10:38Z,SUPERMARKET
de5a0b9f-2a4c-49fb-9330-1c2976cb0655,C00022,447.69,2025-03-07T09:35:02Z,CAFE_CENTRAL
e292be70-ab37-4144-8cb8-2311918a21c0,C00036,264.36,2025-07-06T14:54:34Z,CAFE_CENTRAL
bc50c56d-d43a-441e-822b-f78169f19916,C00037,194.31,2025-02-24T01:39:30Z,SUPERMARKET
e5077216-c22d-445e-8b5b-3da94e654995,C00020,10.98,2025-07-12T09:00:20Z,CAFE_CENTRAL
86422918-0065-429b-a556-6ccb60441e65,C00031,321.9,2025-10-28T07:59:59Z,CAFE_CENTRAL
ad7e37b2-117a-447e-a02d-801ff89d230e,C00016,-25.0,2025-07-12T22:39:47Z,STORE_23
c5db1024-c60d-46a7-ad8f-f67726a8f47e,C00031,75.07,2025-11-25T15:44:11Z,PHARMACY
ecbf6efd-5478-4161-93e7-9da72013bc44,C00050,53.91,2025-07-15T01:30:58Z,PHARMACY
3938ad93-24d2-4c06-b4ac-af6bd385a8c5,C00031,309.99,2025-06-12T14:29:01Z,ELECTRONICS_HUB
04776b19-183e-4b29-86af-54a84786a166,C00041,0,2025-06-04T21:27:25Z,STORE_23
e3b2b6e5-2486-4028-b82f-586572ac9657,C00018,62.87,2025-07-01T22:03:14Z,ELECTRONICS_HUB
30ad0443-bb48-463f-81f8-1e52a0cb95e0,C00046,158.93,2025-01-09T01:30:32Z,RESTAURANT_A
c5af9079-56f3-4f80-ab7e-3a41af0659ad,C00010,-10.5,2025-03-29T10:55:10Z,CAFE_CENTRAL
0e2b2960-8530-493b-8c13-0faea9d61d00,C00023,176.96,2025-06-10T13:43:13Z,ONLINE_SHOP
cab1de3a-944f-496a-a0a5-8ba9a2a24574,C00028,7.7,2025-06-03T11:42:09Z,STORE_23
01cdf84b-b022-4a4a-9578-36fd0b5fa78f,C00010,299.94,2025-07-07T19:13:12Z,SUPERMARKET
6d249060-1123-475e-8d26-4d00523f5969,C00041,247.68,2025-06-26T05:03:28Z,PHARMACY
21d52195-2a53-4b15-97ea-285c8b722dc9,C00033,408.66,2025-10-03T03:39:01Z,STORE_23
3c8a49df-997b-448e-b066-a50dcbdbaf20,C00030,159.31,2025-08-09T11:05:52Z,RESTAURANT_A
0b249576-fc22-4f1b-9c4c-2734b944a8fb,C00023,324.95,2025-05-21T18:26:29Z,SUPERMARKET
75566d71-8a78-49fe-84f0-aad74da05808,C00042,360.34,2025-07-17T13:26:13Z,SUPERMARKET
549ce827-c832-450c-b873-934bb1b91642,C00032,132.38,2025-11-08T23:50:38Z,GAS_STATION
b05c7ab6-2a14-4c85-adb2-4f2faee01023,C00023,206.15,2025-05-02T12:18:42Z,RESTAURANT_A
9375c515-f8e4-442e-9165-2a933730fbe3,C00049,349.7,2025-11-21T14:35:45Z,SUPERMARKET
3fb0081c-5d3b-4a22-9516-1acbb465c4c1,C00049,236.56,2025-04-14T12:15:16Z,GAS_STATION
6aa7ab5b-478f-4db4-8d81-b21ead12d145,C00014,355.62,2025-11-27T18:55:36Z,CAFE_CENTRAL
d8d360d4-3a1e-4181-8b45-155af3116630,C00003,414.98,2025-02-19T17:12:12Z,BOOKSTORE
cf12b4b4-2cc4-4400-a66f-ed465a7a1831,C00027,489.28,2025-04-17T18:55:41Z,CAFE_CENTRAL
a924f663-8d29-49d1-90a5-624f673b8825,C00047,403.72,2025-09-03T22:10:44Z,CAFE_CENTRAL
b268250a-d21b-4f12-90cb-a00e6883ec40,C00030,123.17,2025-12-26T13:34:35Z,SUPERMARKET
6ecfaf6f-8644-4127-b72f-11f2cc07123c,C00013,80.56,2025-07-15T17:31:55Z,SUPERMARKET
238d8b37-0856-4bd3-8d61-875688966efe,C00038,324.97,2025-03-25T06:45:21Z,BOOKSTORE
314e3339-f79c-4ae5-8faa-6f303a5cbdee,C00038,493.83,2025-11-12T21:33:40Z,SUPERMARKET
d301b7c3-6d95-4592-89f1-2ddce16f9d0f,C00039,201.44,2025-07-26T19:53:18Z,BOOKSTORE
4bea739d-ef8e-4ab6-a618-93464e1b388c,C00050,57.49,2025-03-20T02:49:33Z,ELECTRONICS_HUB
aa0ac991-c79c-4937-bc15-311ec8510a46,C00049,74.81,2025-09-11T19:47:37Z,RESTAURANT_A
8bea3892-34a4-4adc-8408-79d15180cb54,C00033,325.7,2025-01-12T13:18:34Z,STORE_23
e61f559c-5321-4227-93cc-49261aacb1a7,C00048,293.75,2025-09-15T04:27:37Z,PHARMACY
33b13157-369b-45b1-bda3-ff885ef402f4,C00029,403.73,2025-11-30T00:32:25Z,BOOKSTORE
69cd6d54-24b6-48c7-9298-58ef5176e33b,C00033,57.39,2025-04-08T03:15:24Z,ELECTRONICS_HUB
1890073e-c32d-471a-9e2d-d634a538d58b,C00002,220.53,2025-06-21T01:20:02Z,STORE_23
1281d609-79d7-4b62-9c77-43710edb33d4,C00012,313.25,2025-06-09T05:48:14Z,BOOKSTORE
20aa163e-672b-410a-8df0-44ee8edf2eee,C00042,346.22,2025-10-31T11:28:27Z,ONLINE_SHOP
c312d475-05ce-437f-a27d-7a58cf45fc21,C00049,20.25,2025-08-06T12:16:09Z,PHARMACY
55d32ec1-633e-43fd-804b-2cf3c51fa7ea,C00012,304.79,2025-07-16T20:45:37Z,ONLINE_SHOP
a5b9165f-fd6a-4bc0-8098-d41e45daeba6,C00008,478.58,2025-05-07T19:36:03Z,PHARMACY
81c6d981-16da-4f30-abc8-9fcbc8623428,C00025,252.07,2025-03-04T16:31:49Z,STORE_23
1b03454d-4b8c-41a8-adae-09b03d9ed95e,C00029,291.32,2025-12-22T11:55:13Z,PHARMACY
5fe1a407-aec9-4f00-8b4f-e8b920615982,C00002,407.59,2025-07-09T02:57:18Z,ONLINE_SHOP
4dff76b2-4b5f-4709-9dc5-cb37eab94057,C00027,265.11,2025-06-19T11:20:49Z,CAFE_CENTRAL
4d313394-e284-4fed-a0f2-b0b63a6706d1,C00044,413.58,2025-09-03T21:29:49Z,RESTAURANT_A
bd990d2d-1eb9-43fb-99b7-b8b10c64670c,C00030,43.27,2025-10-16T14:33:51Z,SUPERMARKET
cbbb521e-3f55-44ed-b7a4-11353fec6a83,C00023,486.18,2025-06-04T23:38:38Z,RESTAURANT_A
af8d1dfa-fdaf-490a-bb54-4b0685dcd9f8,C00020,179.8,2025-08-24T23:46:40Z,BOOKSTORE
4a9b0913-24f8-43a4-979a-f23c0a2f932e,C00045,241.66,2025-09-04T20:03:41Z,RESTAURANT_A
71be0dc7-4fbd-462d-b946-53b6f36a9efc,C00005,264.77,2025-04-14T12:39:58Z,ELECTRONICS_HUB
4670ac7d-6de0-4a09-ae55-14491cda7609,C00002,237.92,2025-01-22T13:14:57Z,SUPERMARKET
08965dec-6ae6-46f8-a96c-bb85784806d3,C00021,223.43,2025-04-03T02:40:50Z,CAFE_CENTRAL
52da7c92-f921-43fc-abde-6158402a1ab0,C00013,161.13,2025-09-07T05:47:34Z,BOOKSTORE
1391643b-983e-449c-8256-88d2dd0c2ede,C00018,219.9,2025-08-31T21:55:14Z,ELECTRONICS_HUB
7297ea44-672f-405b-88be-80c1029712a1,C00018,277.4,2025-02-28T11:10:08Z,SUPERMARKET
05231bbc-8e48-4727-aef0-ab1b552220bb,C00033,94.25,2025-03-22T04:27:05Z,RESTAURANT_A
ee57cf1a-68f8-4f36-9c96-9074a213b22a,C00005,341.4,2025-12-12T05:52:59Z,ELECTRONICS_HUB
95741d6d-bea0-4d0a-8166-470870321c5b,C00041,306.24,2025-02-01T15:06:38Z,CAFE_CENTRAL
02844d16-ea1c-4901-b305-38028116ac54,C00004,0,2025-01-02T07:00:12Z,SUPERMARKET
16e907c0-5a6c-46c8-b07e-81c425329616,C00008,339.23,2025-08-13T14:50:20Z,GAS_STATION
fe6a6b24-1da3-4cdb-ab4b-d1c1830b734c,C00015,394.97,2025-05-01T07:41:50Z,ONLINE_SHOP
a37afebe-7b7f-4248-ba9c-aecf7510b7c0,C00038,186.46,2025-04-01T07:31:02Z,PHARMACY
8647e4bb-a10b-4ae0-90ca-844fd9707455,C00022,121.25,2025-09-22T20:59:13Z,RESTAURANT_A
dbfaeece-01cc-485f-a696-0ac2e715db4f,C00017,327.58,2025-11-11T13:44:21Z,PHARMACY
2cf62e0d-a394-473e-bba4-889eeab49275,C00026,12.64,2025-04-04T00:09:28Z,STORE_23
c71f14a5-b302-494f-9b34-fc366a390c55,C00035,14.35,2025-12-10T03:23:51Z,ELECTRONICS_HUB
a02d483b-f854-47ef-bac1-3c752dc671fc,C00046,-100.0,2025-07-01T03:12:27Z,CAFE_CENTRAL
dff67fab-a531-4697-8796-ef3fc4643902,C00043,189.53,2025-04-18T11:11:27Z,ELECTRONICS_HUB
d8b900a1-5bca-412c-b90b-5db4e879dfb0,C00037,373.03,2025-07-11T15:52:15Z,RESTAURANT_A
f53a90da-8d98-488d-be04-f1c8f94b360c,C00012,83.42,2025-06-15T18:50:10Z,PHARMACY
f8bae7f3-848f-4982-ac50-ae0f87e3edb3,C00030,0.0,2025-01-28T14:17:22Z,ONLINE_SHOP
5ebd53b9-ecf5-4fd5-b6a6-4e1656c2e21f,C00020,-25.0,2025-11-21T00:41:58Z,PHARMACY
65436d08-9461-458e-a81b-28eb520d7436,C00006,383.31,2025-08-28T19:55:22Z,BOOKSTORE
884a732c-034f-40b8-8d03-7e476dfe31c4,C00041,269.05,2025-05-09T05:01:47Z,STORE_23
87910ae9-23fe-42cf-ae46-55b225dce323,C00045,289.1,2025-05-12T04:47:09Z,SUPERMARKET
f1e4afc6-1e33-4b4e-be47-7ea51eb8dffd,C00015,308.44,2025-02-17T08:05:23Z,ELECTRONICS_HUB
f10ce0a8-4287-4e57-af2d-5ccbb4502c47,C00036,94.95,2025-08-03T05:21:29Z,BOOKSTORE
39a91d41-462d-4212-9049-bed7cad5399a,C00026,467.11,2025-08-29T05:38:40Z,ELECTRONICS_HUB
e70e487a-66e5-4636-b813-d15952e3cc44,C00010,64.25,2025-06-30T14:30:39Z,RESTAURANT_A
27b22a6b-1a35-4716-8802-6e5386b85a95,C00006,93.18,2025-12-16T06:49:46Z,PHARMACY
ac97ef94-6543-4422-a4b9-5c7e1170a397,C00048,190.15,2025-12-22T03:50:04Z,STORE_23
c74af430-b7be-4de6-88e1-c167c6d48417,C00029,266.69,2025-04-17T15:12:50Z,RESTAURANT_A
8b483491-356e-49ed-bd69-9d218ee0c06e,C00050,432.49,2025-09-26T23:19:47Z,BOOKSTORE
ecb30f0f-c13b-4dc1-8d02-a8559edcc2c3,C00026,67.2,2025-06-01T00:16:24Z,STORE_23
847b2723-041d-43a1-a36f-fd69cdd7d9aa,C00041,239.61,2025-08-10T07:59:20Z,PHARMACY
6233b689-0bd6-4a81-8407-03a758702a19,C00026,452.85,2025-06-07T06:32:44Z,PHARMACY
9fda0f91-486c-4e9b-9065-3432bca77fb0,C00046,203.98,2025-09-26T19:33:07Z,GAS_STATION
d6d0de25-dac6-41ea-8346-ea04936530cd,C00039,48.57,2025-05-18T06:26:17Z,BOOKSTORE
ed71e1d4-e0db-40a0-9dee-9be3f6940cd6,C00011,44.17,2025-02-23T19:41:20Z,RESTAURANT_A
edf68def-af86-4c3d-b12d-a02a049307c4,C00002,375.38,2025-12-09T03:59:15Z,GAS_STATION
dd6202e4-cbdb-4913-ae14-59bb51e6c42c,C00021,73.0,2025-10-06T18:49:52Z,PHARMACY
a8e59d94-ab2f-4485-b429-a8b8f10e8647,C00025,219.94,2025-08-12T20:44:11Z,ONLINE_SHOP
afd5e9e9-af8a-450f-b8a1-f55fed35dc21,C00005,118.1,2025-09-10T21:20:51Z,CAFE_CENTRAL
f368b474-a6f6-4dee-8e9d-38428b896870,C00021,478.02,2025-08-05T16:51:41Z,CAFE_CENTRAL
f10861df-2be2-4472-88cd-7ecfe6b5c09e,C00007,433.86,2025-02-19T17:08:56Z,BOOKSTORE
dce4ddba-7f2e-492d-b6ad-d7f193ed7d39,C00010,71.34,2025-08-26T02:03:53Z,RESTAURANT_A
c8ee5f06-82d4-4086-9074-8192823183a7,C00031,459.08,2025-03-31T16:00:19Z,RESTAURANT_A
e8a95bf2-3e1f-444b-b2b5-9369b5aeb89c,C00027,250.56,2025-06-11T20:20:55Z,BOOKSTORE
54ccc344-c334-45e9-a2b9-4aea72b4d1e8,C00039,34.28,2025-07-05T15:40:20Z,STORE_23
5eac945e-1c5d-4ae4-8b80-cac1f7ed79ea,C00001,312.59,2025-03-27T10:08:44Z,ELECTRONICS_HUB
468e51e3-9bf6-4f5b-90ac-62ab24bcea08,C00021,40.72,2025-12-13T23:01:46Z,CAFE_CENTRAL
7d46e8ac-a006-4485-90fb-48b3c170e0fb,C00018,381.3,2025-01-11T16:51:01Z,ONLINE_SHOP
d343f79f-ce22-4871-962e-b881efa92a60,C00007,460.72,2025-05-29T05:39:15Z,PHARMACY
24c4375d-d273-4f6f-8daf-c40d49d5d67d,C00033,439.28,2025-10-05T16:48:19Z,GAS_STATION
21db89ef-9590-467e-b643-0fe6842d3b3f,C00010,70.97,2025-06-06T20:46:28Z,STORE_23
2aa10374-3500-476e-8bb0-ed9056c22224,C00013,274.06,2025-11-03T06:04:27Z,RESTAURANT_A
94459e8a-597c-40d5-88b4-4d44e0354cb7,C00032,398.05,2025-01-18T10:25:14Z,BOOKSTORE
fbde6341-8ea0-42a2-8d69-306fde5b73cc,C00014,259.87,2025-10-13T11:28:33Z,SUPERMARKET
1ea07831-c9e8-4390-bfa3-102719a1cf71,C00036,133.72,2025-07-15T06:50:09Z,RESTAURANT_A
0af14360-b03b-44b2-90fa-29605af495dc,C00016,43.0,2025-05-22T06:11:09Z,ONLINE_SHOP
82f352e6-308e-4f3f-a9bc-b0c73b2e358f,C00044,332.41,2025-11-26T03:07:32Z,SUPERMARKET
ff915cb2-0c58-4ff9-ad87-9720f652c19a,C00036,370.0,2025-03-28T08:13:30Z,CAFE_CENTRAL
31471315-cc23-49ea-892f-1b7be35c4a16,C00015,26.98,2025-02-16T17:32:05Z,ELECTRONICS_HUB
1e925c0d-2704-443c-86dc-03d9f2c1bece,C00040,280.31,2025-12-15T02:38:05Z,GAS_STATION
08fbe5eb-6ec4-4334-945d-2e69d58143cb,C00016,195.45,2025-01-08T05:14:04Z,CAFE_CENTRAL
bdc50992-1960-4520-b15d-5fc803edcbc7,C00002,380.95,2025-12-08T06:43:40Z,ONLINE_SHOP
5c0dfa84-9269-4c12-ae69-58b5bee2d3d4,C00031,186.48,2025-10-12T10:22:16Z,ELECTRONICS_HUB
1415db56-d0e1-4259-abdc-9efc3722ee40,C00011,146.25,2025-07-10T20:52:39Z,BOOKSTORE
f126cfbb-3592-48dc-8d8a-08dc74c86632,C00013,487.2,2025-02-07T17:53:49Z,STORE_23
4096339d-ed41-4dac-a22b-6e1ff7e97d7c,C00024,298.38,2025-02-07T12:30:06Z,BOOKSTORE
269c136b-b8e8-4264-b20a-bab7f04d3b15,C00020,457.97,2025-09-15T03:36:18Z,SUPERMARKET
568afcc1-74ee-41ca-8e99-bb5631e203c0,C00024,147.1,2025-11-11T18:08:07Z,CAFE_CENTRAL
eeb41304-5e03-4d40-8468-25153d018b07,C00020,382.77,2025-07-21T14:30:56Z,BOOKSTORE
c8d87ee5-e8ed-4dad-9791-0a5d5a85c66c,C00035,31.99,2025-02-16T06:00:46Z,SUPERMARKET
fd86cb6c-d6e6-44a3-978d-9c5f6ce53ff7,C00017,162.86,2025-11-11T17:02:28Z,ONLINE_SHOP
0f7ffc69-ce74-44dc-8223-411c1e2dd2b4,C00018,252.03,2025-07-08T23:22:39Z,SUPERMARKET
0fe49c77-3fac-4bdd-a856-2dd1474847cf,C00009,391.67,2025-09-12T16:51:17Z,ELECTRONICS_HUB
25bc0fc1-69f6-45e1-af64-b9e43a8b485c,C00039,-10.5,2025-12-05T06:25:05Z,ONLINE_SHOP
edb475eb-0b55-47d1-ade8-9e7ce4fa62f4,C00004,310.77,2025-09-05T16:08:15Z,GAS_STATION
21ac0fb9-7285-4f29-ba33-2e000a8c355f,C00049,220.46,2025-08-25T07:37:01Z,RESTAURANT_A
30cb0bb6-4dd1-4a88-ba43-5dfbd769e363,C00042,210.17,2025-04-11T09:25:04Z,STORE_23
40c6b136-7cad-4c45-ba53-9b0cf866ffcc,C00004,380.06,2025-02-06T11:08:21Z,STORE_23
a42c553b-57f9-4212-a348-4440f7a0a10c,C00015,404.57,2025-06-12T04:09:20Z,ELECTRONICS_HUB
7de19439-71bf-4a5a-b59c-0ea695fa51c3,C00046,288.66,2025-02-08T04:28:37Z,BOOKSTORE
8db23361-d685-47ac-b91f-4e525a759d4c,C00036,340.57,2025-05-27T00:28:16Z,PHARMACY
dca067d3-265d-473b-9565-24054ac8588d,C00049,277.27,2025-01-05T03:59:42Z,CAFE_CENTRAL
6b15db9e-1bc5-4738-a2ce-61b028a9d5f8,C00009,315.63,2025-10-07T15:06:06Z,RESTAURANT_A
50d69b96-978a-46af-8cef-065d01fd2043,C00033,257.96,2025-09-26T02:55:51Z,ONLINE_SHOP
22a1ce85-6f02-475d-9814-76cbd4d9d394,C00025,408.31,2025-08-19T05:50:58Z,ONLINE_SHOP
f493e51f-9712-4c77-b09f-3f5da907ab01,C00021,76.62,2025-06-07T20:44:25Z,STORE_23
af9150b9-a4f1-4318-ad3d-29affa12f9ee,C00040,154.06,2025-01-12T09:30:25Z,ELECTRONICS_HUB
b6d7aeca-e7a1-4e1f-8b95-68a8c93cfaa3,C00001,252.25,2025-04-18T05:36:33Z,ELECTRONICS_HUB
cd751006-9fa6-4170-bfaf-bc709b3413c1,C00047,491.59,2025-05-01T00:13:20Z,BOOKSTORE
551442f2-abd3-4bd5-9414-d1938dcc2fe7,C00005,203.39,2025-01-04T21:48:43Z,CAFE_CENTRAL
40f8d80a-3f06-426f-b10d-e4c9700343a0,C00050,-25.0,2025-08-31T06:33:31Z,RESTAURANT_A
53cd31cc-af0e-4461-8873-82e318baf16b,C00047,401.56,2025-12-08T08:41:13Z,RESTAURANT_A
200ffa09-6667-4a60-afc0-177ea81627cd,C00021,379.3,2025-11-04T06:49:41Z,SUPERMARKET
2a9f838e-6ea9-42a6-a6cb-f059bd620980,C00049,146.76,2025-03-30T23:24:03Z,STORE_23
1281d609-79d7-4b62-9c77-43710edb33d4,C00012,313.25,2025-06-09T05:48:14Z,BOOKSTORE
d04655c6-2d93-4545-b6bc-87aede67b4c0,C00049,132.46,2025-08-21T03:51:54Z,PHARMACY
b004ec6a-80c4-4e01-a691-0812764bbd9b,C00006,273.34,2025-05-07T07:08:30Z,ELECTRONICS_HUB
2faefee3-0b61-4e49-b366-c78f5684231d,C00027,477.5,2025-03-26T07:34:47Z,RESTAURANT_A
3395181b-72be-448a-bbe4-889b53bd2daf,C00023,321.86,2025-04-03T16:09:13Z,CAFE_CENTRAL
4c6bd02c-771b-4e21-badc-bbfcc132f321,C00003,30.19,2025-11-10T06:57:18Z,ONLINE_SHOP
4b501185-d6f8-42d7-bf13-eb5c1e3c583d,C00019,340.37,2025-07-23T04:53:50Z,RESTAURANT_A
6233b689-0bd6-4a81-8407-03a758702a19,C00026,452.85,2025-06-07T06:32:44Z,PHARMACY
74960049-ab3a-453e-81f1-47768d5198f1,C00038,217.72,2025-01-06T00:04:44Z,CAFE_CENTRAL
956727e7-41e7-42cf-9bf7-697107b08f1d,C00022,294.9,2025-05-11T17:02:53Z,STORE_23
58d6cd99-f1ed-4974-a0f5-4cec6d3df318,C00045,56.02,2025-01-04T15:11:03Z,RESTAURANT_A
3af7ca4e-bd0f-436c-a868-dfab59e9302b,C00046,-10.5,2025-08-21T13:47:07Z,GAS_STATION
11a459b0-a31d-44a6-b43c-77995e11bbcc,C00022,291.72,2025-07-20T04:43:26Z,STORE_23
a059ab0f-36d7-4a4d-b492-7ca597c64d8c,C00015,303.66,2025-10-29T17:57:44Z,PHARMACY
3117e823-372d-4b1a-abf2-88e9611a89b2,C00024,135.5,2025-07-13T10:39:51Z,PHARMACY
7d0b3016-152f-4bb1-bdf4-d2041c491fd3,C00045,367.62,2025-12-06T05:27:22Z,GAS_STATION
e48aeb3e-7bfb-4502-84d9-1051ffcd7d2f,C00048,175.99,2025-06-23T02:39:54Z,GAS_STATION
7f8c6143-a196-4003-9416-8525b37b0dc8,C00049,167.22,2025-01-13T20:26:31Z,SUPERMARKET
b8953cf9-36be-43c9-bd9a-0c7d27ed9c18,C00003,179.33,2025-04-18T17:45:32Z,STORE_23
5c4a28a2-2674-47ac-bdbb-ec49f86bfdfc,C00010,404.01,2025-09-01T05:06:38Z,RESTAURANT_A
9ec6d069-a7c1-4cd2-b422-c25d2bf5519d,C00003,354.52,2025-04-18T02:14:30Z,STORE_23
0a9d9609-c4d3-4823-8e17-56c3f47ec186,C00040,185.14,2025-09-05T06:21:48Z,BOOKSTORE
7f284f29-b33e-496c-9b96-ca3c18c1c6fc,C00028,257.89,2025-12-26T00:54:12Z,CAFE_CENTRAL
cee764d5-ef3a-4391-afdc-6f762e26f150,C00048,118.63,2025-10-05T05:55:12Z,CAFE_CENTRAL
6b7f0d43-37b1-4534-944b-07e3c774e836,C00038,395.71,2025-10-21T01:04:08Z,GAS_STATION
ac98f23a-af82-4cf4-99f1-6c0772c48e85,C00033,131.5,2025-06-02T04:57:40Z,ELECTRONICS_HUB
396b23a2-65d1-4510-ba9e-f5aead81658a,C00016,218.8,2025-11-13T00:15:00Z,SUPERMARKET
eebeafe8-44f4-4ca8-9655-17978b8825a7,C00044,403.2,2025-07-11T02:04:34Z,ELECTRONICS_HUB
d51bb5a7-acc5-4f65-9a4a-e129afdc6a0a,C00032,277.86,2025-05-03T16:50:57Z,CAFE_CENTRAL
238d8b37-0856-4bd3-8d61-875688966efe,C00038,324.97,2025-03-25T06:45:21Z,BOOKSTORE
1210b71c-2035-481a-8ed5-d94edb611b86,C00046,207.18,2025-07-25T14:32:04Z,BOOKSTORE
d8456d32-31f4-40cb-a1e1-29e0218024ba,C00032,19.94,2025-04-28T06:56:53Z,GAS_STATION
161fd1e8-fec0-4ee6-9bf5-b007af3daddf,C00002,207.61,2025-03-16T15:24:03Z,RESTAURANT_A
63233392-25c0-433c-8282-2a76fafb0ebf,C00037,392.0,2025-02-03T21:33:08Z,GAS_STATION
3ae9e3cc-283f-4b47-be20-28fc7ee96e4f,C00032,45.69,2025-11-25T11:25:05Z,STORE_23
08000dec-2816-4f29-8416-f5ccd1630dce,C00036,221.77,2025-01-26T02:59:02Z,ONLINE_SHOP
4cfb5fe4-becf-4fe8-b732-529cb98a642d,C00013,244.66,2025-06-18T01:46:21Z,SUPERMARKET
fc625b62-44cc-46dd-a8c5-505d77afe6f3,C00039,358.47,2025-11-03T09:05:10Z,CAFE_CENTRAL
a0286b85-0bbc-421d-86ed-3aed04b481d2,C00006,407.89,2025-11-29T14:29:30Z,PHARMACY
899fe8a9-636a-4e69-ad5c-c86638fd6fbb,C00025,208.9,2025-07-30T14:07:25Z,ELECTRONICS_HUB
3f492649-a8be-4912-a0ab-96a7bb454cc4,C00004,454.91,2025-03-12T17:39:38Z,BOOKSTORE
91004492-e2b1-461e-8577-5b0c6ca7ee11,C00025,174.24,2025-09-08T10:46:04Z,CAFE_CENTRAL
0d8a2dfe-3847-44f8-ac71-792ab5a9ea52,C00008,362.68,2025-11-15T23:14:53Z,BOOKSTORE
4816a990-db9f-4a30-bf56-3aa5ba28682f,C00026,109.74,2025-07-26T10:26:56Z,CAFE_CENTRAL
95170e94-3841-4deb-96be-ef3a714fc776,C00043,196.16,2025-09-14T16:03:05Z,GAS_STATION
9edf6e04-050d-4ad2-a923-dcca6cb70101,C00030,377.95,2025-08-19T20:43:33Z,STORE_23
33bd680c-d0cd-4fcb-8f21-5d88c4a537f5,C00044,473.2,2025-06-30T02:40:16Z,ONLINE_SHOP
58ef9dbb-f2fb-477d-be95-749332c5d4a3,C00033,143.07,2025-08-02T05:47:39Z,ONLINE_SHOP
b7150671-0493-45ce-9660-1f865ddbb5b6,C00046,294.95,2025-09-15T23:15:18Z,ONLINE_SHOP
168a1ef4-44df-4bcf-a066-5807485a07e8,C00042,40.34,2025-09-10T20:52:20Z,ELECTRONICS_HUB
4e023386-b055-4a46-a5f0-1b9787bd7fc2,C00026,97.97,2025-01-21T18:33:15Z,PHARMACY
6a215a46-2556-4a2d-8bb5-9680dee6c266,C00025,190.56,2025-01-23T05:11:43Z,PHARMACY
dbbc45d1-c49f-487a-bffb-462e84a80fa1,C00030,392.6,2025-09-09T17:53:37Z,GAS_STATION
d03ad184-1336-4f93-9fcb-d11b886d2fa7,C00014,192.06,2025-06-21T03:45:56Z,BOOKSTORE
f721c701-3794-40c4-a1a2-02815e64e1b2,C00040,-25.0,2025-01-13T00:14:43Z,BOOKSTORE
45049fbc-4081-4983-931f-6e1f76209ea9,C00018,176.01,2025-05-27T20:35:54Z,RESTAURANT_A
1aac5011-70d6-4038-a751-99c8a23bb4ad,C00008,111.42,2025-09-10T11:03:46Z,GAS_STATION
f2144c04-4b6f-42b4-86c5-9ed3dc36508c,C00021,420.87,2025-07-16T15:55:28Z,BOOKSTORE
ea899719-c3db-42ac-aac8-2881556f3d0d,C00030,175.49,2025-08-04T04:48:40Z,BOOKSTORE
44064cb0-9525-4e04-be4a-33d1f7a2c82a,C00030,21.9,2025-03-31T14:02:29Z,ELECTRONICS_HUB
6445b7ab-56f9-4b0b-becf-62b5e6d2beec,C00008,356.27,2025-01-23T09:29:03Z,RESTAURANT_A
5791faf0-0099-426e-992b-85e929089d37,C00046,422.63,2025-10-13T14:05:59Z,SUPERMARKET
7d6fbc1f-dfe1-4212-8446-cac5f37b6b22,C00021,227.89,2025-08-04T15:01:20Z,CAFE_CENTRAL
a0b9bbe9-4cb8-4865-9353-471ceb0f5f33,C00040,0,2025-06-17T11:12:51Z,ONLINE_SHOP
59488357-880d-425c-b125-fcbf9fc41a91,C00026,129.8,2025-07-04T16:50:49Z,GAS_STATION
a783976e-5d43-4910-bbe7-ff7adf9646a0,C00050,205.79,2025-12-20T08:32:34Z,RESTAURANT_A
d27d2a5d-80df-4a84-aefd-30c9e1f687c7,C00040,41.08,2025-08-20T20:29:30Z,PHARMACY
9cbcca37-8723-4a31-9981-2d4deb045007,C00012,475.08,2025-11-25T03:08:13Z,CAFE_CENTRAL
64e9f65d-1bc3-4b39-86bd-dc75800b9c1f,C00042,9.76,2025-07-14T14:44:23Z,ELECTRONICS_HUB
47fcf6ff-d919-4d0e-990c-698c1b28016d,C00048,128.84,2025-12-17T21:36:41Z,RESTAURANT_A
f89e4928-1d0f-4554-abab-e515ceb97f30,C00044,120.94,2025-03-06T16:57:51Z,CAFE_CENTRAL
7e7c2376-6f6e-419b-84b8-337d3d6fd821,C00050,256.68,2025-12-09T05:53:37Z,ELECTRONICS_HUB
d5b20a09-394c-487b-a27f-e4ac5ef96cef,C00027,102.09,2025-10-02T17:35:54Z,PHARMACY
2df02775-4f5f-4589-ab7e-0a14976547da,C00047,156.04,2025-08-14T07:59:18Z,BOOKSTORE
998a39ae-0653-4ab3-a8e8-5cd3ca2e6925,C00003,174.66,2025-12-27T06:29:13Z,PHARMACY
94cc8177-f6a6-4a29-b3c4-7641a3a6837d,C00022,188.97,2025-03-14T02:35:52Z,GAS_STATION
bcb73a74-a00b-436d-af57-88dae4495577,C00023,-25.0,2025-02-05T11:49:00Z,PHARMACY
ccc9a76c-2e60-45b3-b6fe-61c819cdb058,C00048,153.62,2025-07-31T16:41:37Z,STORE_23
3d97d9fe-bbd6-45ce-8373-c2967c24e137,C00038,400.87,2025-03-15T22:56:19Z,CAFE_CENTRAL
bc55ef49-a99b-4775-809e-79e578b9ea79,C00041,140.94,2025-03-22T19:07:15Z,ELECTRONICS_HUB
1ce5b789-cc85-48e8-b3b3-85edb7674de5,C00028,397.38,2025-04-01T09:11:01Z,ELECTRONICS_HUB
ddc14d71-65e1-4900-b112-f50f588701ae,C00030,59.08,2025-09-12T19:23:39Z,RESTAURANT_A
a5e0f739-ba53-4533-986f-1db282e7c1d1,C00044,463.17,2025-08-13T02:15:37Z,STORE_23
9e7b2171-c90c-4343-9bf1-117afc74c284,C00048,400.06,2025-05-24T16:33:45Z,ELECTRONICS_HUB
0d1287f2-4d1b-49ec-9e31-c2c80fb0fb1e,C00035,386.27,2025-03-28T03:51:02Z,ELECTRONICS_HUB
50154816-d818-4212-a648-cb0e204639a7,C00007,35.27,2025-08-12T22:27:27Z,RESTAURANT_A
7517ce63-914d-46d8-a090-63535c763d1c,C00029,468.18,2025-01-11T16:14:18Z,SUPERMARKET
c9578fac-bed6-4beb-9231-482739e5ada1,C00009,461.36,2025-05-26T11:59:31Z,CAFE_CENTRAL
7577b031-ae57-47d3-8a8c-5ea79169d5e4,C00035,19.96,2025-06-01T06:14:22Z,CAFE_CENTRAL
f00612d7-31e1-4e7f-91fe-f31198366330,C00006,60.07,2025-04-21T18:39:18Z,BOOKSTORE
c1a5ed38-f58a-455e-943c-7b12dfcfcfde,C00043,252.16,2025-05-25T08:31:07Z,SUPERMARKET
52c64170-fd1d-4dce-a87a-618dc94b4cd1,C00024,475.26,2025-09-20T03:39:39Z,ONLINE_SHOP
e8a7b2ce-e3bd-48c9-9dab-ec26d31fc269,C00016,195.96,2025-04-10T18:35:52Z,RESTAURANT_A
f22297fa-1ce6-4918-94b9-b07af87534db,C00005,468.11,2025-09-13T06:57:45Z,SUPERMARKET
872bf59d-1270-42ec-84cd-90c8078170fa,C00033,369.41,2025-05-07T12:26:56Z,ELECTRONICS_HUB
41a0e003-4b84-4464-b652-2de947f61d31,C00043,464.67,2025-06-23T17:59:12Z,SUPERMARKET
ba2b5bb5-1767-43bf-8701-53ad3da52434,C00014,321.3,2025-03-15T23:58:30Z,CAFE_CENTRAL
b70bc654-e940-4890-ba6d-e3f4ae9757bc,C00017,16.15,2025-04-23T19:47:12Z,ONLINE_SHOP
14c5b024-1e70-424f-aa00-b074e5104463,C00017,203.5,2025-09-10T12:24:28Z,ELECTRONICS_HUB
38a353d0-0c4d-4c2c-9ff6-cf3cb5ac39b4,C00037,32.69,2025-09-27T10:20:10Z,CAFE_CENTRAL
bf26eb53-bda4-44a0-adcc-1f3c15617093,C00004,237.98,2025-09-20T02:46:02Z,SUPERMARKET
5afb7c46-468e-4de5-a806-c527bb83085f,C00044,278.95,2025-02-09T09:00:23Z,STORE_23
24d95dde-3fc5-4d84-93e2-0cdcd9e679b0,C00017,414.65,2025-03-14T22:57:50Z,CAFE_CENTRAL
97d08d1d-adcd-4c3b-a87b-848c0482b9a1,C00036,200.58,2025-05-02T04:19:44Z,BOOKSTORE
b3e00e25-1c57-4a27-b5c0-0c99c1464397,C00011,21.75,2025-03-21T17:22:40Z,ELECTRONICS_HUB
5c73d3a8-7d2f-4c77-8b08-7c846edc3cbe,C00022,247.59,2025-10-01T20:29:37Z,GAS_STATION
5a06fdeb-4710-4d6e-86ed-d4476fc8b490,C00013,192.85,2025-06-19T05:55:23Z,GAS_STATION
aa9df912-ce61-4d4d-a2aa-6818a54f10f0,C00001,40.91,2025-12-11T20:49:40Z,CAFE_CENTRAL
507098d9-ce3c-4f00-9f97-811daef2238a,C00019,68.82,2025-01-22T01:50:17Z,GAS_STATION
db602426-95ae-4765-8e23-18f6bdda8a39,C00017,319.94,2025-07-08T22:40:31Z,ELECTRONICS_HUB
8d7820c4-b302-450f-818b-9ff5e4e41f9c,C00008,373.53,2025-07-31T21:21:18Z,ONLINE_SHOP
359c404f-7a57-4638-86f7-26ead448bbc1,C00021,467.6,2025-03-21T05:20:53Z,ELECTRONICS_HUB
9d3a76e2-9e3d-4558-9e6c-afc3b0cb359c,C00046,373.28,2025-11-25T07:44:35Z,ONLINE_SHOP
57cb3b1b-9425-464f-b5c3-0da74faf7ec3,C00002,489.34,2025-03-16T07:29:44Z,ONLINE_SHOP
ae9f32c8-f5b5-404e-b07c-91b68e483aac,C00019,37.14,2025-12-16T03:54:30Z,CAFE_CENTRAL
03e785f7-e1d8-40ff-a836-08bd49c0b3dd,C00044,382.87,2025-10-29T08:19:33Z,STORE_23
c73b8866-775f-4328-8161-bd5824919b39,C00029,67.95,2025-01-31T02:36:33Z,GAS_STATION
5b531b06-1a07-4947-ae1a-5347a65e1b9a,C00014,148.74,2025-05-03T06:21:01Z,RESTAURANT_A
26e5e6c6-0848-4844-9111-f2fe47bd0731,C00001,66.49,2025-01-28T21:47:07Z,SUPERMARKET
8adb7cf4-bad6-4e92-9711-794b10bd674d,C00023,9.3,2025-01-09T04:07:52Z,CAFE_CENTRAL
b64e4576-c6c9-49b1-993d-833c5cb0e8e5,C00033,17.61,2025-04-09T04:24:04Z,GAS_STATION
6bbba27f-55b7-4686-816d-8a5f5f4f350f,C00046,470.27,2025-04-17T03:52:54Z,ONLINE_SHOP
663f7af1-5273-4445-9d63-da520da51589,C00004,428.25,2025-03-20T03:29:34Z,GAS_STATION
99a3b2ab-1217-4dd3-a3dd-55cccfc7f00a,C00030,258.02,2025-01-13T07:42:46Z,PHARMACY
7af0c27f-15a9-40d7-bca1-8937f73fa324,C00018,215.55,2025-06-27T12:22:59Z,STORE_23
62baf7e4-04ac-4754-8960-a48c215fa0cc,C00012,88.04,2025-12-13T18:44:41Z,ELECTRONICS_HUB
d0fe0f16-0229-4356-8c0d-304119589c8d,C00034,266.94,2025-10-10T06:27:05Z,SUPERMARKET
31dab0c0-9383-47c0-a478-56f710a8b7b0,C00006,278.99,2025-07-26T20:07:58Z,PHARMACY
504af71b-5c0d-4671-a03f-989cd6e57260,C00022,291.42,2025-10-25T20:13:51Z,RESTAURANT_A
f011246a-da5a-4210-9eb1-d726be0439c0,C00021,268.94,2025-10-20T09:59:51Z,STORE_23
4b64141d-f98a-4124-8a6d-957390bca26e,C00004,206.56,2025-12-04T06:22:06Z,STORE_23
84f1ea27-07e0-4205-b1fc-c3e711ba1e68,C00031,323.64,2025-07-29T02:02:04Z,PHARMACY
d73f2b58-c1ca-4f69-81f5-a8000c6ec105,C00045,318.05,2025-01-31T20:50:49Z,ELECTRONICS_HUB
2c91217c-3d63-43a8-bde3-88f88bd15b78,C00018,278.98,2025-11-03T19:32:31Z,GAS_STATION
a13d0f92-8d30-4f08-b3ab-cb9868bfe3b6,C00009,149.83,2025-05-09T00:50:41Z,ELECTRONICS_HUB
a0e3007f-f19d-4702-a6e2-fc6a7c74fee5,C00018,185.5,2025-01-15T04:25:53Z,ONLINE_SHOP
0a323fe9-65df-485e-9e07-e009e8a815ac,C00045,119.64,2025-11-24T23:04:48Z,PHARMACY
45877ed2-111f-4972-aa57-2ad924862953,C00008,350.78,2025-03-12T04:50:15Z,ONLINE_SHOP
d79b53f5-671f-4332-95b3-04a3bc77b276,C00003,331.83,2025-11-26T06:19:33Z,ELECTRONICS_HUB
f8f54a9d-7284-40a9-8633-22d2adbef962,C00041,434.63,2025-12-27T09:13:26Z,ONLINE_SHOP
959310bb-814c-4d10-8698-d7a0a473e764,C00001,302.15,2025-09-14T05:33:40Z,STORE_23
4901551c-9280-4c28-986c-e57f36a3918f,C00021,343.61,2025-06-13T00:23:40Z,CAFE_CENTRAL
98bd210f-48f4-43b4-8a9d-5c07103ee18a,C00038,235.61,2025-06-28T18:42:30Z,BOOKSTORE
9c58dd68-db04-4ea5-866d-2de10e9b1405,C00028,124.48,2025-11-12T02:03:11Z,GAS_STATION
d566e1d0-661e-404a-bb4f-2997e777cc02,C00013,34.23,2025-11-28T00:21:13Z,BOOKSTORE
6e563f73-98d9-4cfb-8469-3cb355438a16,C00020,438.49,2025-10-24T12:36:33Z,PHARMACY
e1e89c08-2604-4dcf-9812-5f4d77f9dd20,C00043,76.24,2025-04-11T17:27:41Z,ELECTRONICS_HUB
27abc09d-2f9e-4082-9aaa-6560755f31ac,C00024,342.62,2025-07-17T12:31:38Z,ONLINE_SHOP
1eff4c4d-8a49-4205-b312-490b2bfdce17,C00037,155.15,2025-03-29T11:58:10Z,SUPERMARKET
09d6207a-99bd-41bc-9354-84ee6f5dad3a,C00017,301.64,2025-12-27T03:52:15Z,ELECTRONICS_HUB
2c6d5075-bb16-4a78-b230-5f9a486ad987,C00017,152.19,2025-03-07T05:50:59Z,SUPERMARKET
7a0758d6-51a8-45cb-a65f-83f8056938c4,C00044,448.77,2025-06-08T21:01:12Z,CAFE_CENTRAL
bd4f1338-976e-4c7d-8ae7-9f01744f1762,C00013,143.9,2025-08-20T19:48:22Z,RESTAURANT_A
0ad07be0-aa89-4408-80b3-bded70a1ce81,C00030,287.03,2025-08-09T23:14:36Z,ELECTRONICS_HUB
fe984683-808b-489b-aa02-a139b8fc351c,C00011,152.15,2025-03-30T04:57:54Z,CAFE_CENTRAL
7fb5ecc0-a188-42ca-a16a-098043c0624d,C00035,415.45,2025-04-12T23:16:16Z,ELECTRONICS_HUB
20d76d65-4720-4043-aaca-de00c549fd7b,C00028,70.4,2025-12-20T13:53:08Z,STORE_23
e3e50b3d-801c-4004-bfab-83227234773d,C00044,395.29,2025-06-19T10:37:20Z,GAS_STATION
c11fd140-903b-4f63-9433-02b01325b93d,C00035,-25.0,2025-07-24T19:00:59Z,GAS_STATION
efad4aac-2062-4b55-b0f5-21883dae1054,C00045,337.26,2025-07-29T20:35:35Z,CAFE_CENTRAL
5cbcaa3c-43a8-46ff-ab9a-99fd9a09ca62,C00050,163.7,2025-10-03T04:55:55Z,BOOKSTORE
565afed6-76f4-43ef-824d-1c21767968a1,C00019,154.17,2025-09-25T14:46:58Z,RESTAURANT_A
307c3165-2f17-43fd-a83b-b3ad52f7e7f0,C00026,102.4,2025-05-05T11:04:18Z,GAS_STATION
0e733961-c2d2-4c6e-8fd1-f73faacc29ca,C00022,413.98,2025-10-29T10:24:59Z,CAFE_CENTRAL
ae65830e-41c4-4f12-a734-46aa9b6bd5e0,C00018,184.95,2025-09-20T16:28:00Z,RESTAURANT_A
d598dab6-1891-4951-ab5a-33523d266f78,C00011,0.0,2025-08-19T01:17:41Z,CAFE_CENTRAL
8a9d1ebb-1be2-4efe-ab08-8d8552bb6b71,C00028,140.84,2025-04-19T02:41:14Z,BOOKSTORE
fef3a9fc-7097-449e-8aad-de658a23a2e7,C00006,217.29,2025-10-01T18:21:01Z,RESTAURANT_A
831232fd-f138-4261-9fb3-b55f5f5357dc,C00027,258.24,2025-10-10T20:51:24Z,BOOKSTORE
a9683a78-76ae-491f-8298-ce652f5c63dd,C00046,303.74,2025-03-13T09:59:03Z,RESTAURANT_A
d2f42519-443c-4eb7-a444-70599a4869ef,C00009,212.57,2025-02-01T02:52:41Z,ELECTRONICS_HUB
5810e115-8244-45a4-8969-a97e6d27871a,C00024,361.11,2025-11-22T17:39:00Z,ELECTRONICS_HUB
e672a6fc-cc15-49b2-9eda-e0f0aeedb451,C00043,17.1,2025-11-18T00:40:13Z,ELECTRONICS_HUB
a99748ec-8958-4f02-a09e-a88b51c6e8e3,C00025,76.08,2025-02-02T20:39:48Z,SUPERMARKET
d3dbbecb-8a16-43f9-a4d8-3e8abb7ae404,C00033,375.38,2025-02-17T06:25:25Z,CAFE_CENTRAL
50d86568-e184-4673-a7f3-fe22f4baf6f1,C00030,296.17,2025-08-28T07:48:46Z,BOOKSTORE
8ae9b6f8-c6ad-4797-ad84-afe683ecce6f,C00003,70.24,2025-02-02T00:09:28Z,ELECTRONICS_HUB
fc552e04-3fd6-4a2c-94c7-bc4c9d92d98d,C00006,51.22,2025-09-07T09:03:59Z,RESTAURANT_A
8614ae73-c9a0-4bf9-823c-18c1809c14fa,C00016,351.92,2025-10-19T17:52:28Z,BOOKSTORE
34ec0e7d-c108-449a-961b-997148805ba5,C00014,368.76,2025-09-21T05:54:58Z,ONLINE_SHOP
ea5fffef-68bb-4796-a5a5-da3c19623c22,C00001,47.54,2025-12-03T05:46:11Z,RESTAURANT_A
5e3152c0-9a0d-4dc3-b29f-68aa93116661,C00034,372.99,2025-08-11T15:35:04Z,STORE_23
24d95dde-3fc5-4d84-93e2-0cdcd9e679b0,C00017,414.65,2025-03-14T22:57:50Z,CAFE_CENTRAL
34251949-0e61-4c6d-8401-1a692fee468d,C00016,407.85,2025-06-05T21:32:04Z,PHARMACY
586dc28f-a944-4d90-9e6b-b732a924898b,C00005,119.09,2025-08-30T13:14:38Z,ELECTRONICS_HUB
dae9f6cf-378a-44ad-838d-5a79af94c997,C00042,147.57,2025-09-18T16:25:10Z,GAS_STATION
f039df43-8a55-4135-81cd-4c3729ac2c5f,C00013,373.72,2025-12-05T13:48:53Z,GAS_STATION
dd1f99b1-bb29-432e-b7af-2a578e4dbbdf,C00034,408.04,2025-11-12T14:06:04Z,CAFE_CENTRAL
5c51abd8-1930-42b4-8584-67e71bce4784,C00034,120.95,2025-04-07T04:51:32Z,SUPERMARKET
410a091e-37ba-40d7-aec1-e3e2e2e9fe1d,C00006,416.55,2025-08-01T23:25:29Z,SUPERMARKET
d04655c6-2d93-4545-b6bc-87aede67b4c0,C00049,132.46,2025-08-21T03:51:54Z,PHARMACY
906fe634-4509-472d-98bb-c272874afdfb,C00009,0,2025-05-04T11:11:43Z,ELECTRONICS_HUB
93658fb4-affd-46b8-b369-8e5405bc8104,C00039,356.07,2025-03-14T08:41:01Z,BOOKSTORE
a1165d18-f08a-4a7a-84e4-4c51724f6e08,C00029,190.26,2025-04-06T10:55:24Z,STORE_23
170bee49-4de2-4419-afdf-8eb9e68ff8db,C00002,125.26,2025-07-01T05:07:38Z,ELECTRONICS_HUB
1bf124d4-e670-4545-a35a-072a6ff92d31,C00016,167.85,2025-11-10T17:00:59Z,SUPERMARKET
58d6cd99-f1ed-4974-a0f5-4cec6d3df318,C00045,56.02,2025-01-04T15:11:03Z,RESTAURANT_A
91fe66ec-d117-4fba-9907-713839eea837,C00028,54.55,2025-07-24T21:38:16Z,RESTAURANT_A
8ba2e371-3991-4dfd-bc59-ff1cabcdef10,C00033,387.55,2025-06-21T17:30:35Z,PHARMACY
3d84423c-a0a0-4b6b-9481-8f976beb3261,C00033,105.95,2025-04-19T15:27:18Z,PHARMACY
f493e51f-9712-4c77-b09f-3f5da907ab01,C00021,76.62,2025-06-07T20:44:25Z,STORE_23
c4e43aab-6d09-483b-ac5b-71bc73ac26a5,C00006,45.72,2025-05-06T17:08:49Z,ELECTRONICS_HUB
df8b1dcc-5691-4b17-819f-b3578542cedd,C00009,98.39,2025-04-30T18:19:23Z,BOOKSTORE
6dec5cdb-7097-4c03-b50f-f53336cb33d9,C00004,413.5,2025-12-28T11:49:34Z,RESTAURANT_A
ac744613-fdb2-4cf9-b3cd-f053bc7e230e,C00019,185.82,2025-11-13T09:06:18Z,STORE_23
556b12f7-3e15-41b9-8420-2a2691b29022,C00005,131.05,2025-06-24T03:30:51Z,BOOKSTORE
c2c11bf2-3c55-42f7-8d82-5ff70d8d3f26,C00004,346.74,2025-05-02T17:07:14Z,ONLINE_SHOP
7f95d035-5a61-485f-a789-46e165f6016c,C00020,105.07,2025-07-25T09:24:06Z,CAFE_CENTRAL
557ae794-8229-4da2-865b-cc3d9e2b4f00,C00037,271.81,2025-10-19T17:15:43Z,CAFE_CENTRAL
b092b8ea-ab38-4319-b37f-1dd07dccc95f,C00029,399.76,2025-12-03T17:08:41Z,ONLINE_SHOP
f9b883d6-427f-4e8a-aca6-19b4b780ceb4,C00037,384.76,2025-11-09T01:56:05Z,BOOKSTORE
d29829e9-6ec6-41d0-8bb9-2b73efe62dbb,C00009,205.68,2025-09-16T14:27:23Z,CAFE_CENTRAL
6bfc1a71-3f5d-4bba-98fa-f778ed257ba3,C00044,303.37,2025-04-23T13:37:54Z,ELECTRONICS_HUB
1a8f1638-7804-4a2f-b8de-c32ddd715fe7,C00036,297.09,2025-09-08T22:52:55Z,SUPERMARKET
24d827d5-7abd-476c-8295-c444cf072d7c,C00018,404.97,2025-07-03T05:46:08Z,ONLINE_SHOP
088b9ba6-d51b-4409-8e90-489c45ffcd35,C00049,217.42,2025-10-23T19:47:50Z,SUPERMARKET
31c51126-b421-4301-b723-322e1bb9b7a7,C00020,61.13,2025-04-16T14:54:13Z,RESTAURANT_A
f95fb2de-488c-4ac0-8d1c-c306da95bda2,C00024,230.29,2025-01-11T15:54:26Z,ONLINE_SHOP
daf91d46-a395-4cf1-8fda-b9836d8bdf5d,C00040,48.82,2025-10-23T22:56:54Z,CAFE_CENTRAL
e560a31f-dc6c-40eb-999e-c3edf3a8a740,C00027,408.64,2025-06-25T23:38:29Z,STORE_23
93a829c0-0d32-498e-87e9-b0fa74255317,C00042,57.6,2025-10-01T16:38:55Z,PHARMACY
70f6cd37-82da-40bd-85ce-327335640426,C00005,393.14,2025-05-18T09:00:32Z,STORE_23
2d6401d1-761f-45d5-801f-c3c39f46494a,C00033,283.97,2025-03-21T22:59:10Z,PHARMACY
9db3010c-e1c5-417e-bf35-6069bcc5d842,C00030,228.38,2025-05-30T10:22:07Z,BOOKSTORE
e5eed327-d7c3-4009-bd6b-ce64cbcf1fcd,C00018,479.07,2025-05-25T19:57:37Z,GAS_STATION
c8dee2bb-7996-4175-8f60-75d6624206f0,C00006,55.55,2025-03-18T07:33:13Z,GAS_STATION
1f198092-5abc-4bc6-b51c-7f324301fc96,C00038,337.88,2025-09-07T07:57:04Z,GAS_STATION
080d413f-86e0-485b-afe8-e1f36e08745c,C00042,493.95,2025-06-26T21:33:53Z,ELECTRONICS_HUB
44bafa47-cfdb-48d6-9e64-a01c55d9cb83,C00027,258.47,2025-03-06T06:53:00Z,GAS_STATION
fe762a65-e508-4295-a230-177eaa4ded10,C00007,144.99,2025-04-03T05:02:51Z,SUPERMARKET
e6177110-6804-4086-b88d-dd5e73ae52b1,C00009,113.01,2025-07-23T02:09:01Z,RESTAURANT_A
2faefee3-0b61-4e49-b366-c78f5684231d,C00027,477.5,2025-03-26T07:34:47Z,RESTAURANT_A
e0dce75f-0c7e-46d6-9e93-837f05b0ad14,C00042,336.61,2025-05-05T03:29:18Z,RESTAURANT_A
851d79c8-35b1-4a8f-888c-557145650fcd,C00021,33.39,2025-03-25T15:09:46Z,CAFE_CENTRAL
3ab36fcd-75d5-4f04-8760-8b37d621a754,C00002,432.92,2025-09-25T06:49:54Z,PHARMACY
792be109-6a47-4c3a-9b47-4f220702836f,C00032,153.37,2025-08-16T17:33:12Z,ONLINE_SHOP
776b6273-bfed-44d2-a177-a653ec8c1bfd,C00046,402.52,2025-09-24T00:59:33Z,RESTAURANT_A
af2abf58-9cee-4ed0-981a-e0f50905dfd8,C00012,241.11,2025-06-14T18:09:40Z,STORE_23
d9081155-e567-442e-8c3b-819e8cdd63f9,C00012,240.61,2025-10-08T08:55:46Z,PHARMACY
a8853c7b-8325-4d76-b7bd-20ececcdb3db,C00019,57.67,2025-11-19T04:41:47Z,ONLINE_SHOP
2258eb05-132a-4f4d-8137-b8cd011a96af,C00041,454.27,2025-08-15T17:20:23Z,STORE_23
786bc1b5-2f9e-4d87-aea7-289ddaaaa29f,C00019,477.42,2025-11-20T12:56:37Z,STORE_23
b4c05d1a-8bdc-42bf-bc9b-9f93e78884cd,C00013,327.27,2025-07-10T11:49:42Z,ONLINE_SHOP
b1fb59f5-b4cc-4363-8ef9-94a8d4eb9295,C00038,148.93,2025-02-21T22:04:06Z,ELECTRONICS_HUB
81be0375-fc14-4068-9506-4a1c9706a039,C00021,48.02,2025-11-16T01:15:29Z,CAFE_CENTRAL
02cdc6e9-adc2-41e0-8c7b-7eb756fb6a76,C00041,-10.5,2025-07-30T18:47:56Z,ONLINE_SHOP
7dd4b469-4318-4f14-91db-6262d2e6b0b4,C00007,489.61,2025-07-18T11:52:36Z,SUPERMARKET
2d3eb4fc-9df7-4cda-a7f7-7d3557204e29,C00024,163.74,2025-03-06T18:11:16Z,RESTAURANT_A
17bbf928-7b71-4fdb-a487-ef47a1d4d2d2,C00047,60.98,2025-06-08T17:08:59Z,PHARMACY
2b08006b-614f-4880-ba6f-bcdd173268b4,C00008,234.42,2025-03-12T18:17:24Z,RESTAURANT_A
88647773-7c1c-4f27-8bcc-a194a2a418ba,C00035,257.32,2025-10-31T10:04:52Z,GAS_STATION
3140b9c9-f9ac-46cb-bd06-18455f38af5d,C00037,394.6,2025-01-26T08:07:54Z,CAFE_CENTRAL
1459600d-66a8-4042-8557-34dcda8216c9,C00005,468.39,2025-08-09T19:11:14Z,PHARMACY
14bd304b-6d25-4dad-b599-4d0157fbf633,C00041,256.08,2025-08-24T17:29:43Z,PHARMACY
97e81a1c-8947-4926-94c1-9f6875adb62d,C00045,427.27,2025-03-13T16:59:57Z,BOOKSTORE
2ad4848f-1d95-42fb-a3af-4e92b955d48e,C00031,77.34,2025-10-11T14:09:59Z,ONLINE_SHOP
9a0f58f0-63fb-46a3-959e-590f0c005928,C00020,348.16,2025-06-08T07:48:03Z,PHARMACY
d51cdc39-e9f8-4c49-9435-57303489c3c7,C00020,162.12,2025-01-18T05:36:17Z,SUPERMARKET
41b6b6df-1e6f-4666-a1bf-4299b4411269,C00028,292.91,2025-12-12T16:08:46Z,RESTAURANT_A
53831b39-29ce-4bc7-8b21-1a8cdb8559be,C00021,116.48,2025-02-04T10:00:13Z,RESTAURANT_A
b02054b1-157c-49a8-bdf2-d0c3c254fa5d,C00022,489.39,2025-08-18T18:00:14Z,CAFE_CENTRAL
47bd07d8-1ff1-4b03-a703-f05c1b4da3c4,C00023,200.47,2025-03-12T06:39:53Z,ONLINE_SHOP
e123da1c-35de-466a-95ed-fbae515644c7,C00045,0,2025-04-18T10:29:24Z,BOOKSTORE
a462a7e0-bbb4-4d97-9b4e-8ef53b6fc989,C00040,347.44,2025-08-12T23:36:52Z,STORE_23
fdb5e18c-e062-41e5-b16e-070e2f1a33a1,C00003,66.91,2025-05-28T06:05:18Z,CAFE_CENTRAL
0be6c787-f831-4233-9376-816ce4f883f2,C00031,-10.5,2025-04-21T14:55:21Z,CAFE_CENTRAL
466f9939-f5ac-4dcd-bd6d-4bceed60ddf7,C00013,163.99,2025-02-10T12:32:53Z,SUPERMARKET
e2582c89-ce4a-4450-a87d-7258c35bd130,C00038,311.49,2025-03-21T22:46:01Z,RESTAURANT_A
3ac2520b-e765-489b-ab81-d18f82dd4ed4,C00021,364.47,2025-01-27T01:15:29Z,ELECTRONICS_HUB
5ebfe08b-0814-4acb-8617-c775a20af636,C00020,-100.0,2025-03-02T17:13:51Z,ONLINE_SHOP
79cc4fd2-4a96-4d60-970a-72a71c7a9714,C00010,214.1,2025-11-08T07:28:23Z,PHARMACY
fa483040-c2c9-402a-bc58-8166fd414e4a,C00035,492.74,2025-11-25T21:24:21Z,RESTAURANT_A
0b56b078-d11a-414f-9811-7bc765b226f5,C00006,275.04,2025-06-01T21:30:12Z,RESTAURANT_A
f2ee3e3c-fde6-41d5-ac8c-4cd39a52b341,C00019,92.95,2025-06-11T13:05:54Z,ELECTRONICS_HUB
52280164-d384-4212-a479-cc1f4030a186,C00022,184.7,2025-10-06T00:03:14Z,STORE_23
14ac134d-b81e-47ab-bdc3-d40f51ec3e1e,C00035,159.77,2025-02-21T15:14:39Z,PHARMACY
b6bce5e8-0a3b-4f5b-8010-c57ab1f9d488,C00007,315.23,2025-08-14T03:49:22Z,PHARMACY
5eea6a5d-4612-48c2-961b-f0b61df48b7a,C00027,60.26,2025-10-31T00:11:04Z,BOOKSTORE
69565083-adc4-478b-ad66-bf95607bd556,C00021,472.32,2025-04-30T19:52:36Z,STORE_23
fbb9d104-c180-4dda-b2e9-995ed985ef9a,C00049,164.09,2025-03-01T17:06:08Z,BOOKSTORE
826dccb9-d2bc-474b-bf0f-a3111d5d1af7,C00017,413.71,2025-08-05T11:52:35Z,SUPERMARKET
40b0c5ae-c6b6-4f5b-b66b-ac636924009d,C00048,68.63,2025-08-16T12:36:15Z,SUPERMARKET
1c3487a0-fce4-4fce-9c4c-e5dcf143c08f,C00047,374.93,2025-04-20T03:26:29Z,RESTAURANT_A
b203625b-2f87-44aa-91c5-8425baa4c54b,C00015,443.38,2025-03-07T00:21:20Z,CAFE_CENTRAL
69a8d70d-9641-466a-b4db-432dd3fe27e3,C00011,81.62,2025-11-18T02:40:19Z,ONLINE_SHOP
0dd09b15-ca90-4950-8de8-d7bbec2be667,C00035,403.05,2025-12-13T21:05:58Z,RESTAURANT_A
2da147b3-d294-4b3e-9ed8-951a7529b810,C00023,200.13,2025-10-14T14:44:45Z,CAFE_CENTRAL
ebf92459-89a6-467b-bdb2-b6527267920f,C00003,334.48,2025-01-31T11:59:42Z,GAS_STATION
90414a9d-bb5d-4a1d-858a-09cbbf513bee,C00014,153.97,2025-03-27T17:18:51Z,RESTAURANT_A
f8115843-5329-4188-9953-87c74a3eac7b,C00040,338.87,2025-03-17T09:02:59Z,SUPERMARKET
3a2929a4-964e-4309-8989-315706a21ae3,C00016,63.71,2025-08-06T05:14:14Z,PHARMACY
bc44ddb1-baff-49cb-90e3-fd2859da2b2c,C00029,310.74,2025-03-16T11:41:08Z,RESTAURANT_A
b2980ad0-a60e-4d27-bffd-40be37f98e7a,C00036,204.07,2025-03-03T22:02:56Z,STORE_23
848e120e-2522-4bc1-99c7-2219e1aa81bc,C00044,64.11,2025-10-22T23:57:50Z,STORE_23
aed8f54e-5901-4543-81d9-051701d09d54,C00030,438.26,2025-07-26T21:00:14Z,RESTAURANT_A
a8743e15-9064-4f98-9018-166725520e8f,C00010,174.96,2025-05-03T01:56:18Z,STORE_23
39dfe646-65a9-4339-ac22-cf2b3aaf2132,C00035,371.57,2025-09-16T23:06:08Z,ONLINE_SHOP
d75c1e36-fdb2-4e11-b89f-7999659ef8fc,C00015,202.09,2025-01-04T00:59:16Z,SUPERMARKET
1ec5bae1-b45f-4e36-b332-2bef46c3cfc9,C00032,400.67,2025-04-30T03:56:19Z,PHARMACY
544e09ad-c45e-481f-87cf-393cca6b18f4,C00007,128.72,2025-02-25T05:38:19Z,GAS_STATION
f9bf1d6c-1c60-4e84-95fe-2c6c93e6fa59,C00008,175.16,2025-02-07T06:00:41Z,GAS_STATION
5f485876-ddef-4092-9b7a-9a501bb20089,C00033,341.43,2025-03-01T03:32:45Z,PHARMACY
955beb2d-56bd-497b-b1ff-9a9b9258d003,C00027,186.6,2025-02-06T14:19:39Z,STORE_23
5090ee8a-d58f-48dc-86c7-ee410d567edd,C00002,19.43,2025-06-07T13:44:55Z,PHARMACY
69660441-2ac1-4c47-8e62-84f720fe3ad6,C00043,157.26,2025-02-23T12:19:07Z,BOOKSTORE
2f07cb7a-c4f9-47fe-9f3d-7a7cb497100b,C00039,391.16,2025-12-05T00:13:40Z,ONLINE_SHOP
b936be7a-23f1-4b4b-85a4-a9f13f188659,C00017,20.55,2025-10-04T03:38:55Z,PHARMACY
cee764d5-ef3a-4391-afdc-6f762e26f150,C00048,118.63,2025-10-05T05:55:12Z,CAFE_CENTRAL
0b4c63b3-757a-4706-8f67-65f7ac803050,C00015,464.55,2025-07-01T01:53:02Z,CAFE_CENTRAL
00b6b6c3-7f50-4169-9b3c-609bab19e648,C00027,281.37,2025-10-12T15:27:07Z,ELECTRONICS_HUB
cd6fee95-f55c-44bb-8a84-0fc196396f09,C00032,357.99,2025-08-09T12:49:16Z,CAFE_CENTRAL
